<device HW_revision="1.0" XML_version="1.0" description="MSP430FR6989" id="MSP430FR6989" partnum="MSP430FR6989">

<instance href="../options/MSP430FR6989_TI.xml"></instance>
<instance href="../options/MSP430FR6989_GNU.xml"></instance>
<property Type="stringfield" Value="1.207" id="DeviceFileVersion"></property>
<property Type="stringfield" Value="MSP430FRxxx Family" id="FilterString"></property>
<property Type="numericfield" Value="160" id="HeapDefaultSize"></property>
<property Type="stringfield" Value="minimal" id="PrintfDefault_support"></property>
<property Type="numericfield" Value="160" id="StackDefaultSize"></property>
<property Type="numericfield" Value="3" id="breakpoints"></property>
<property Type="stringfield" Value="EXTENDED" id="clockcontrol"></property>
<property Type="stringfield" Value="MSP430Xv2" id="cpu_family"></property>
<property Type="stringfield" Value="EMEX_SMALL_5XX" id="eem"></property>
<property Type="numericfield" Value="8" id="hw_mpy"></property>
<property Type="stringfield" Value="true" id="IsElfDefault"></property>
<property Type="numericfield" Value="3300" id="target_vcc_default"></property>
<property Type="numericfield" Value="1" id="jtag"></property>
<property Type="stringfield" Value="true" id="Make Device Secure"></property>
<property Type="numericfield" Value="2" id="spybiwire"></property>
<property Type="numericfield" Value="1" id="cycleCounter"></property>
<property Type="stringfield" Value="0xFF90" id="iv_base"></property>
<property Type="stringfield" Value="0-120" id="Password"></property>
<property Type="stringfield" Value="true" id="supportLPMx5"></property>
<property Type="stringfield" Value="true" id="supportBSLMemory"></property>
<property Type="stringfield" Value="true" id="supportINFOMemory"></property>
<property Type="stringfield" Value="MPU_memorySegments(seg_Id_1[Segment 1]{@start=0x4400 @end=0x4800 @access=R[--defineREAD_ACCESS_1]:W[--defineWRITE_ACCESS_1]:X[--defineEXEC_ACCESS_1]:Assert PUC on access rights violation[--definePUC_ACCESS_1] @default=R:W:Assert PUC on access rights violation}, seg_Id_2[Segment 2]{@start=0x4800 @end=0x4C00 @access=R[--defineREAD_ACCESS_2]:W[--defineWRITE_ACCESS_2]:X[--defineEXEC_ACCESS_2]:Assert PUC on access rights violation[--definePUC_ACCESS_2] @default=R:Assert PUC on access rights violation}, seg_Id_3[Segment 3]{@start=0x4C00 @end=0x23FFF @access=R[--define READ_ACCESS_3]:W[--defineWRITE_ACCESS_3]:X[--defineEXEC_ACCESS_3]:Assert PUC on access rights violation[--definePUC_ACCESS_3] @default=R:X:Assert PUC on access rights violation});MPU_infoMemoryList(mem_info_1[Info Memory]{@access=R[--defineREAD_ACCESS_4]:W[--defineWRITE_ACCESS_4]:X[--defineEXEC_ACCESS_4]:Assert PUC on access rights violation[--definePUC_ACCESS_4] @default=R:Assert PUC on access rights violation});MPU_properties(enable:lock:nmi:initLib=libmpu_init.a);IPE_memorySegments(seg_Id_1[Segment 1]{@start=0x4400 @end=0x8000 @access=Assert PUC on access rights violation[--definePUC_ACCESS_1] @default=Assert PUC on access rights violation});IPE_properties(lock:initLib=libipe_init.a);" id="AccessManagementOptions"></property>
<property Type="stringfield" Value="com.ti.ccstudio.project.templates.blink_msp430:templates/msp430fr59xx/blink.c;" id="TemplateFileOverrides"></property>
<property Type="stringfield" Value="-romwidth=8 -memwidth=8" id="HexBuildOptions"></property>


<instance desc="MSP430" href="../cpus/MSP430Xv2.xml" id="MSP430" xml="MSP430Xv2.xml" xmlpath="../cpus/"></instance>
<cpu HW_revision="1.0" XML_version="2.0" description="MSP430 CPU" id="MSP430" isa="MSP430FR59xx">

<instance HW_revision="1.0" accessnumbytes="2" baseaddr="0x0000" description="" href="../Modules/msp430/ADC12_3.xml" id="ADC12" permissions="p" requestor="MSP430" size="10" xml="ADC12_3.xml" xmlpath="../Modules/msp430/"></instance>
<instance HW_revision="1.0" accessnumbytes="2" baseaddr="0x0000" description="" href="../Modules/msp430/AES_Accelerator_2.xml" id="AES_Accelerator" permissions="p" requestor="MSP430" size="10" xml="AES_Accelerator_2.xml" xmlpath="../Modules/msp430/"></instance>
<instance HW_revision="1.0" accessnumbytes="2" baseaddr="0x0000" description="" href="../Modules/msp430/Capacitive_Touch_IO_0_1.xml" id="Capacitive_Touch_IO_0" permissions="p" requestor="MSP430" size="10" xml="Capacitive_Touch_IO_0_1.xml" xmlpath="../Modules/msp430/"></instance>
<instance HW_revision="1.0" accessnumbytes="2" baseaddr="0x0000" description="" href="../Modules/msp430/Capacitive_Touch_IO_1_1.xml" id="Capacitive_Touch_IO_1" permissions="p" requestor="MSP430" size="10" xml="Capacitive_Touch_IO_1_1.xml" xmlpath="../Modules/msp430/"></instance>
<instance HW_revision="1.0" accessnumbytes="2" baseaddr="0x0000" description="" href="../Modules/msp430/Comparator_E_1.xml" id="Comparator_E" permissions="p" requestor="MSP430" size="10" xml="Comparator_E_1.xml" xmlpath="../Modules/msp430/"></instance>
<instance HW_revision="1.0" accessnumbytes="2" baseaddr="0x0000" description="" href="../Modules/msp430/CRC16_2.xml" id="CRC16" permissions="p" requestor="MSP430" size="10" xml="CRC16_2.xml" xmlpath="../Modules/msp430/"></instance>
<instance HW_revision="1.0" accessnumbytes="2" baseaddr="0x0000" description="" href="../Modules/msp430/CRC32_1.xml" id="CRC32" permissions="p" requestor="MSP430" size="10" xml="CRC32_1.xml" xmlpath="../Modules/msp430/"></instance>
<instance HW_revision="1.0" accessnumbytes="2" baseaddr="0x0000" description="" href="../Modules/msp430/CS__Clock_System_2.xml" id="CS__Clock_System" permissions="p" requestor="MSP430" size="10" xml="CS__Clock_System_2.xml" xmlpath="../Modules/msp430/"></instance>
<instance HW_revision="1.0" accessnumbytes="2" baseaddr="0x0000" description="" href="../Modules/msp430/DMA_18.xml" id="DMA" permissions="p" requestor="MSP430" size="10" xml="DMA_18.xml" xmlpath="../Modules/msp430/"></instance>
<instance HW_revision="1.0" accessnumbytes="2" baseaddr="0x0000" description="" href="../Modules/msp430/ExtScanIF_1.xml" id="ExtScanIF" permissions="p" requestor="MSP430" size="10" xml="ExtScanIF_1.xml" xmlpath="../Modules/msp430/"></instance>
<instance HW_revision="1.0" accessnumbytes="2" baseaddr="0x0000" description="" href="../Modules/msp430/ExtScanIF_RAM_1.xml" id="ExtScanIF_RAM" permissions="p" requestor="MSP430" size="10" xml="ExtScanIF_RAM_1.xml" xmlpath="../Modules/msp430/"></instance>
<instance HW_revision="1.0" accessnumbytes="2" baseaddr="0x0000" description="" href="../Modules/msp430/FRAM_2.xml" id="FRAM" permissions="p" requestor="MSP430" size="10" xml="FRAM_2.xml" xmlpath="../Modules/msp430/"></instance>
<instance HW_revision="1.0" accessnumbytes="2" baseaddr="0x0000" description="" href="../Modules/msp430/LCD_C_2.xml" id="LCD_C" permissions="p" requestor="MSP430" size="10" xml="LCD_C_2.xml" xmlpath="../Modules/msp430/"></instance>
<instance HW_revision="1.0" accessnumbytes="2" baseaddr="0x0000" description="" href="../Modules/msp430/MPU_2.xml" id="MPU" permissions="p" requestor="MSP430" size="10" xml="MPU_2.xml" xmlpath="../Modules/msp430/"></instance>
<instance HW_revision="1.0" accessnumbytes="2" baseaddr="0x0000" description="" href="../Modules/msp430/MPY_16__Multiplier__16_Bit_Mode_1.xml" id="MPY_16__Multiplier__16_Bit_Mode" permissions="p" requestor="MSP430" size="10" xml="MPY_16__Multiplier__16_Bit_Mode_1.xml" xmlpath="../Modules/msp430/"></instance>
<instance HW_revision="1.0" accessnumbytes="2" baseaddr="0x0000" description="" href="../Modules/msp430/MPY_32__Multiplier__32_Bit_Mode_1.xml" id="MPY_32__Multiplier__32_Bit_Mode" permissions="p" requestor="MSP430" size="10" xml="MPY_32__Multiplier__32_Bit_Mode_1.xml" xmlpath="../Modules/msp430/"></instance>
<instance HW_revision="1.0" accessnumbytes="2" baseaddr="0x0000" description="" href="../Modules/msp430/PMM__Power_Management_System_4.xml" id="PMM__Power_Management_System" permissions="p" requestor="MSP430" size="10" xml="PMM__Power_Management_System_4.xml" xmlpath="../Modules/msp430/"></instance>
<instance HW_revision="1.0" accessnumbytes="2" baseaddr="0x0000" description="" href="../Modules/msp430/Port_A_3.xml" id="Port_A" permissions="p" requestor="MSP430" size="10" xml="Port_A_3.xml" xmlpath="../Modules/msp430/"></instance>
<instance HW_revision="1.0" accessnumbytes="2" baseaddr="0x0000" description="" href="../Modules/msp430/Port_1_2_7.xml" id="Port_1_2" permissions="p" requestor="MSP430" size="10" xml="Port_1_2_7.xml" xmlpath="../Modules/msp430/"></instance>
<instance HW_revision="1.0" accessnumbytes="2" baseaddr="0x0000" description="" href="../Modules/msp430/Port_B_4.xml" id="Port_B" permissions="p" requestor="MSP430" size="10" xml="Port_B_4.xml" xmlpath="../Modules/msp430/"></instance>
<instance HW_revision="1.0" accessnumbytes="2" baseaddr="0x0000" description="" href="../Modules/msp430/Port_3_4_7.xml" id="Port_3_4" permissions="p" requestor="MSP430" size="10" xml="Port_3_4_7.xml" xmlpath="../Modules/msp430/"></instance>
<instance HW_revision="1.0" accessnumbytes="2" baseaddr="0x0000" description="" href="../Modules/msp430/Port_C_3.xml" id="Port_C" permissions="p" requestor="MSP430" size="10" xml="Port_C_3.xml" xmlpath="../Modules/msp430/"></instance>
<instance HW_revision="1.0" accessnumbytes="2" baseaddr="0x0000" description="" href="../Modules/msp430/Port_5_6_5.xml" id="Port_5_6" permissions="p" requestor="MSP430" size="10" xml="Port_5_6_5.xml" xmlpath="../Modules/msp430/"></instance>
<instance HW_revision="1.0" accessnumbytes="2" baseaddr="0x0000" description="" href="../Modules/msp430/Port_D_3.xml" id="Port_D" permissions="p" requestor="MSP430" size="10" xml="Port_D_3.xml" xmlpath="../Modules/msp430/"></instance>
<instance HW_revision="1.0" accessnumbytes="2" baseaddr="0x0000" description="" href="../Modules/msp430/Port_7_8_5.xml" id="Port_7_8" permissions="p" requestor="MSP430" size="10" xml="Port_7_8_5.xml" xmlpath="../Modules/msp430/"></instance>
<instance HW_revision="1.0" accessnumbytes="2" baseaddr="0x0000" description="" href="../Modules/msp430/Port_E_3.xml" id="Port_E" permissions="p" requestor="MSP430" size="10" xml="Port_E_3.xml" xmlpath="../Modules/msp430/"></instance>
<instance HW_revision="1.0" accessnumbytes="2" baseaddr="0x0000" description="" href="../Modules/msp430/Port_9_10_5.xml" id="Port_9_10" permissions="p" requestor="MSP430" size="10" xml="Port_9_10_5.xml" xmlpath="../Modules/msp430/"></instance>
<instance HW_revision="1.0" accessnumbytes="2" baseaddr="0x0000" description="" href="../Modules/msp430/Port_J_5.xml" id="Port_J" permissions="p" requestor="MSP430" size="10" xml="Port_J_5.xml" xmlpath="../Modules/msp430/"></instance>
<instance HW_revision="1.0" accessnumbytes="2" baseaddr="0x0000" description="" href="../Modules/msp430/RC__RAM_Control_Module_(FRAM)_1.xml" id="RC__RAM_Control_Module_(FRAM)" permissions="p" requestor="MSP430" size="10" xml="RC__RAM_Control_Module_(FRAM)_1.xml" xmlpath="../Modules/msp430/"></instance>
<instance HW_revision="1.0" accessnumbytes="2" baseaddr="0x0000" description="" href="../Modules/msp430/Shared_Reference_3.xml" id="Shared_Reference" permissions="p" requestor="MSP430" size="10" xml="Shared_Reference_3.xml" xmlpath="../Modules/msp430/"></instance>
<instance HW_revision="1.0" accessnumbytes="2" baseaddr="0x0000" description="" href="../Modules/msp430/RTC_C__Real_Time_Clock_3.xml" id="RTC_C__Real_Time_Clock" permissions="p" requestor="MSP430" size="10" xml="RTC_C__Real_Time_Clock_3.xml" xmlpath="../Modules/msp430/"></instance>
<instance HW_revision="1.0" accessnumbytes="2" baseaddr="0x0000" description="" href="../Modules/msp430/SFR__Special_Function_Registers_3.xml" id="SFR__Special_Function_Registers" permissions="p" requestor="MSP430" size="10" xml="SFR__Special_Function_Registers_3.xml" xmlpath="../Modules/msp430/"></instance>
<instance HW_revision="1.0" accessnumbytes="2" baseaddr="0x0000" description="" href="../Modules/msp430/SYS__System_Module_3.xml" id="SYS__System_Module" permissions="p" requestor="MSP430" size="10" xml="SYS__System_Module_3.xml" xmlpath="../Modules/msp430/"></instance>
<instance HW_revision="1.0" accessnumbytes="2" baseaddr="0x0000" description="" href="../Modules/msp430/Timer0_A3_2.xml" id="Timer0_A3" permissions="p" requestor="MSP430" size="10" xml="Timer0_A3_2.xml" xmlpath="../Modules/msp430/"></instance>
<instance HW_revision="1.0" accessnumbytes="2" baseaddr="0x0000" description="" href="../Modules/msp430/Timer1_A3_1.xml" id="Timer1_A3" permissions="p" requestor="MSP430" size="10" xml="Timer1_A3_1.xml" xmlpath="../Modules/msp430/"></instance>
<instance HW_revision="1.0" accessnumbytes="2" baseaddr="0x0000" description="" href="../Modules/msp430/Timer2_A2_1.xml" id="Timer2_A2" permissions="p" requestor="MSP430" size="10" xml="Timer2_A2_1.xml" xmlpath="../Modules/msp430/"></instance>
<instance HW_revision="1.0" accessnumbytes="2" baseaddr="0x0000" description="" href="../Modules/msp430/Timer3_A5_1.xml" id="Timer3_A5" permissions="p" requestor="MSP430" size="10" xml="Timer3_A5_1.xml" xmlpath="../Modules/msp430/"></instance>
<instance HW_revision="1.0" accessnumbytes="2" baseaddr="0x0000" description="" href="../Modules/msp430/Timer0_B7_1.xml" id="Timer0_B7" permissions="p" requestor="MSP430" size="10" xml="Timer0_B7_1.xml" xmlpath="../Modules/msp430/"></instance>
<instance HW_revision="1.0" accessnumbytes="2" baseaddr="0x0000" description="" href="../Modules/msp430/USCI_A0__UART_Mode_3.xml" id="USCI_A0__UART_Mode" permissions="p" requestor="MSP430" size="10" xml="USCI_A0__UART_Mode_3.xml" xmlpath="../Modules/msp430/"></instance>
<instance HW_revision="1.0" accessnumbytes="2" baseaddr="0x0000" description="" href="../Modules/msp430/USCI_A0__SPI_Mode_3.xml" id="USCI_A0__SPI_Mode" permissions="p" requestor="MSP430" size="10" xml="USCI_A0__SPI_Mode_3.xml" xmlpath="../Modules/msp430/"></instance>
<instance HW_revision="1.0" accessnumbytes="2" baseaddr="0x0000" description="" href="../Modules/msp430/USCI_A1__UART_Mode_3.xml" id="USCI_A1__UART_Mode" permissions="p" requestor="MSP430" size="10" xml="USCI_A1__UART_Mode_3.xml" xmlpath="../Modules/msp430/"></instance>
<instance HW_revision="1.0" accessnumbytes="2" baseaddr="0x0000" description="" href="../Modules/msp430/USCI_A1__SPI_Mode_3.xml" id="USCI_A1__SPI_Mode" permissions="p" requestor="MSP430" size="10" xml="USCI_A1__SPI_Mode_3.xml" xmlpath="../Modules/msp430/"></instance>
<instance HW_revision="1.0" accessnumbytes="2" baseaddr="0x0000" description="" href="../Modules/msp430/USCI_B0__SPI_Mode_3.xml" id="USCI_B0__SPI_Mode" permissions="p" requestor="MSP430" size="10" xml="USCI_B0__SPI_Mode_3.xml" xmlpath="../Modules/msp430/"></instance>
<instance HW_revision="1.0" accessnumbytes="2" baseaddr="0x0000" description="" href="../Modules/msp430/USCI_B0__I2C_Mode_4.xml" id="USCI_B0__I2C_Mode" permissions="p" requestor="MSP430" size="10" xml="USCI_B0__I2C_Mode_4.xml" xmlpath="../Modules/msp430/"></instance>
<instance HW_revision="1.0" accessnumbytes="2" baseaddr="0x0000" description="" href="../Modules/msp430/USCI_B1__SPI_Mode_3.xml" id="USCI_B1__SPI_Mode" permissions="p" requestor="MSP430" size="10" xml="USCI_B1__SPI_Mode_3.xml" xmlpath="../Modules/msp430/"></instance>
<instance HW_revision="1.0" accessnumbytes="2" baseaddr="0x0000" description="" href="../Modules/msp430/USCI_B1__I2C_Mode_3.xml" id="USCI_B1__I2C_Mode" permissions="p" requestor="MSP430" size="10" xml="USCI_B1__I2C_Mode_3.xml" xmlpath="../Modules/msp430/"></instance>
<instance HW_revision="1.0" accessnumbytes="2" baseaddr="0x0000" description="" href="../Modules/msp430/Watchdog_Timer_2.xml" id="Watchdog_Timer" permissions="p" requestor="MSP430" size="10" xml="Watchdog_Timer_2.xml" xmlpath="../Modules/msp430/"></instance>
<instance HW_revision="1.0" accessnumbytes="4" baseaddr="0x0000" description="" href="../Modules/msp430/MSP430Xv2_NotVisible.xml" id="" permissions="p" requestor="MSP430" size="00" xml="MSP430Xv2_NotVisible.xml" xmlpath="../Modules/msp430/"></instance>
<instance HW_revision="1.0" accessnumbytes="4" baseaddr="0x0000" description="" href="../Modules/msp430/MSP430_JSTATE_3_NotVisible.xml" id="" permissions="p" requestor="MSP430" size="00" xml="MSP430_JSTATE_3_NotVisible.xml" xmlpath="../Modules/msp430/"></instance>
</cpu></device>