<module HW_revision="" XML_version="1" description="ExtScanIF_RAM" id="ExtScanIF_RAM">
<register acronym="ESIRAM0" description="ESI RAM 0" id="ESIRAM0" offset=" 0x0E00" width="8"></register>
<register acronym="ESIRAM1" description="ESI RAM 1" id="ESIRAM1" offset=" 0x0E01" width="8"></register>
<register acronym="ESIRAM2" description="ESI RAM 2" id="ESIRAM2" offset=" 0x0E02" width="8"></register>
<register acronym="ESIRAM3" description="ESI RAM 3" id="ESIRAM3" offset=" 0x0E03" width="8"></register>
<register acronym="ESIRAM4" description="ESI RAM 4" id="ESIRAM4" offset=" 0x0E04" width="8"></register>
<register acronym="ESIRAM5" description="ESI RAM 5" id="ESIRAM5" offset=" 0x0E05" width="8"></register>
<register acronym="ESIRAM6" description="ESI RAM 6" id="ESIRAM6" offset=" 0x0E06" width="8"></register>
<register acronym="ESIRAM7" description="ESI RAM 7" id="ESIRAM7" offset=" 0x0E07" width="8"></register>
<register acronym="ESIRAM8" description="ESI RAM 8" id="ESIRAM8" offset=" 0x0E08" width="8"></register>
<register acronym="ESIRAM9" description="ESI RAM 9" id="ESIRAM9" offset=" 0x0E09" width="8"></register>
<register acronym="ESIRAM10" description="ESI RAM 10" id="ESIRAM10" offset=" 0x0E0A" width="8"></register>
<register acronym="ESIRAM11" description="ESI RAM 11" id="ESIRAM11" offset=" 0x0E0B" width="8"></register>
<register acronym="ESIRAM12" description="ESI RAM 12" id="ESIRAM12" offset=" 0x0E0C" width="8"></register>
<register acronym="ESIRAM13" description="ESI RAM 13" id="ESIRAM13" offset=" 0x0E0D" width="8"></register>
<register acronym="ESIRAM14" description="ESI RAM 14" id="ESIRAM14" offset=" 0x0E0E" width="8"></register>
<register acronym="ESIRAM15" description="ESI RAM 15" id="ESIRAM15" offset=" 0x0E0F" width="8"></register>
<register acronym="ESIRAM16" description="ESI RAM 16" id="ESIRAM16" offset=" 0x0E10" width="8"></register>
<register acronym="ESIRAM17" description="ESI RAM 17" id="ESIRAM17" offset=" 0x0E11" width="8"></register>
<register acronym="ESIRAM18" description="ESI RAM 18" id="ESIRAM18" offset=" 0x0E12" width="8"></register>
<register acronym="ESIRAM19" description="ESI RAM 19" id="ESIRAM19" offset=" 0x0E13" width="8"></register>
<register acronym="ESIRAM20" description="ESI RAM 20" id="ESIRAM20" offset=" 0x0E14" width="8"></register>
<register acronym="ESIRAM21" description="ESI RAM 21" id="ESIRAM21" offset=" 0x0E15" width="8"></register>
<register acronym="ESIRAM22" description="ESI RAM 22" id="ESIRAM22" offset=" 0x0E16" width="8"></register>
<register acronym="ESIRAM23" description="ESI RAM 23" id="ESIRAM23" offset=" 0x0E17" width="8"></register>
<register acronym="ESIRAM24" description="ESI RAM 24" id="ESIRAM24" offset=" 0x0E18" width="8"></register>
<register acronym="ESIRAM25" description="ESI RAM 25" id="ESIRAM25" offset=" 0x0E19" width="8"></register>
<register acronym="ESIRAM26" description="ESI RAM 26" id="ESIRAM26" offset=" 0x0E1A" width="8"></register>
<register acronym="ESIRAM27" description="ESI RAM 27" id="ESIRAM27" offset=" 0x0E1B" width="8"></register>
<register acronym="ESIRAM28" description="ESI RAM 28" id="ESIRAM28" offset=" 0x0E1C" width="8"></register>
<register acronym="ESIRAM29" description="ESI RAM 29" id="ESIRAM29" offset=" 0x0E1D" width="8"></register>
<register acronym="ESIRAM30" description="ESI RAM 30" id="ESIRAM30" offset=" 0x0E1E" width="8"></register>
<register acronym="ESIRAM31" description="ESI RAM 31" id="ESIRAM31" offset=" 0x0E1F" width="8"></register>
<register acronym="ESIRAM32" description="ESI RAM 32" id="ESIRAM32" offset=" 0x0E20" width="8"></register>
<register acronym="ESIRAM33" description="ESI RAM 33" id="ESIRAM33" offset=" 0x0E21" width="8"></register>
<register acronym="ESIRAM34" description="ESI RAM 34" id="ESIRAM34" offset=" 0x0E22" width="8"></register>
<register acronym="ESIRAM35" description="ESI RAM 35" id="ESIRAM35" offset=" 0x0E23" width="8"></register>
<register acronym="ESIRAM36" description="ESI RAM 36" id="ESIRAM36" offset=" 0x0E24" width="8"></register>
<register acronym="ESIRAM37" description="ESI RAM 37" id="ESIRAM37" offset=" 0x0E25" width="8"></register>
<register acronym="ESIRAM38" description="ESI RAM 38" id="ESIRAM38" offset=" 0x0E26" width="8"></register>
<register acronym="ESIRAM39" description="ESI RAM 39" id="ESIRAM39" offset=" 0x0E27" width="8"></register>
<register acronym="ESIRAM40" description="ESI RAM 40" id="ESIRAM40" offset=" 0x0E28" width="8"></register>
<register acronym="ESIRAM41" description="ESI RAM 41" id="ESIRAM41" offset=" 0x0E29" width="8"></register>
<register acronym="ESIRAM42" description="ESI RAM 42" id="ESIRAM42" offset=" 0x0E2A" width="8"></register>
<register acronym="ESIRAM43" description="ESI RAM 43" id="ESIRAM43" offset=" 0x0E2B" width="8"></register>
<register acronym="ESIRAM44" description="ESI RAM 44" id="ESIRAM44" offset=" 0x0E2C" width="8"></register>
<register acronym="ESIRAM45" description="ESI RAM 45" id="ESIRAM45" offset=" 0x0E2D" width="8"></register>
<register acronym="ESIRAM46" description="ESI RAM 46" id="ESIRAM46" offset=" 0x0E2E" width="8"></register>
<register acronym="ESIRAM47" description="ESI RAM 47" id="ESIRAM47" offset=" 0x0E2F" width="8"></register>
<register acronym="ESIRAM48" description="ESI RAM 48" id="ESIRAM48" offset=" 0x0E30" width="8"></register>
<register acronym="ESIRAM49" description="ESI RAM 49" id="ESIRAM49" offset=" 0x0E31" width="8"></register>
<register acronym="ESIRAM50" description="ESI RAM 50" id="ESIRAM50" offset=" 0x0E32" width="8"></register>
<register acronym="ESIRAM51" description="ESI RAM 51" id="ESIRAM51" offset=" 0x0E33" width="8"></register>
<register acronym="ESIRAM52" description="ESI RAM 52" id="ESIRAM52" offset=" 0x0E34" width="8"></register>
<register acronym="ESIRAM53" description="ESI RAM 53" id="ESIRAM53" offset=" 0x0E35" width="8"></register>
<register acronym="ESIRAM54" description="ESI RAM 54" id="ESIRAM54" offset=" 0x0E36" width="8"></register>
<register acronym="ESIRAM55" description="ESI RAM 55" id="ESIRAM55" offset=" 0x0E37" width="8"></register>
<register acronym="ESIRAM56" description="ESI RAM 56" id="ESIRAM56" offset=" 0x0E38" width="8"></register>
<register acronym="ESIRAM57" description="ESI RAM 57" id="ESIRAM57" offset=" 0x0E39" width="8"></register>
<register acronym="ESIRAM58" description="ESI RAM 58" id="ESIRAM58" offset=" 0x0E3A" width="8"></register>
<register acronym="ESIRAM59" description="ESI RAM 59" id="ESIRAM59" offset=" 0x0E3B" width="8"></register>
<register acronym="ESIRAM60" description="ESI RAM 60" id="ESIRAM60" offset=" 0x0E3C" width="8"></register>
<register acronym="ESIRAM61" description="ESI RAM 61" id="ESIRAM61" offset=" 0x0E3D" width="8"></register>
<register acronym="ESIRAM62" description="ESI RAM 62" id="ESIRAM62" offset=" 0x0E3E" width="8"></register>
<register acronym="ESIRAM63" description="ESI RAM 63" id="ESIRAM63" offset=" 0x0E3F" width="8"></register>
<register acronym="ESIRAM64" description="ESI RAM 64" id="ESIRAM64" offset=" 0x0E40" width="8"></register>
<register acronym="ESIRAM65" description="ESI RAM 65" id="ESIRAM65" offset=" 0x0E41" width="8"></register>
<register acronym="ESIRAM66" description="ESI RAM 66" id="ESIRAM66" offset=" 0x0E42" width="8"></register>
<register acronym="ESIRAM67" description="ESI RAM 67" id="ESIRAM67" offset=" 0x0E43" width="8"></register>
<register acronym="ESIRAM68" description="ESI RAM 68" id="ESIRAM68" offset=" 0x0E44" width="8"></register>
<register acronym="ESIRAM69" description="ESI RAM 69" id="ESIRAM69" offset=" 0x0E45" width="8"></register>
<register acronym="ESIRAM70" description="ESI RAM 70" id="ESIRAM70" offset=" 0x0E46" width="8"></register>
<register acronym="ESIRAM71" description="ESI RAM 71" id="ESIRAM71" offset=" 0x0E47" width="8"></register>
<register acronym="ESIRAM72" description="ESI RAM 72" id="ESIRAM72" offset=" 0x0E48" width="8"></register>
<register acronym="ESIRAM73" description="ESI RAM 73" id="ESIRAM73" offset=" 0x0E49" width="8"></register>
<register acronym="ESIRAM74" description="ESI RAM 74" id="ESIRAM74" offset=" 0x0E4A" width="8"></register>
<register acronym="ESIRAM75" description="ESI RAM 75" id="ESIRAM75" offset=" 0x0E4B" width="8"></register>
<register acronym="ESIRAM76" description="ESI RAM 76" id="ESIRAM76" offset=" 0x0E4C" width="8"></register>
<register acronym="ESIRAM77" description="ESI RAM 77" id="ESIRAM77" offset=" 0x0E4D" width="8"></register>
<register acronym="ESIRAM78" description="ESI RAM 78" id="ESIRAM78" offset=" 0x0E4E" width="8"></register>
<register acronym="ESIRAM79" description="ESI RAM 79" id="ESIRAM79" offset=" 0x0E4F" width="8"></register>
<register acronym="ESIRAM80" description="ESI RAM 80" id="ESIRAM80" offset=" 0x0E50" width="8"></register>
<register acronym="ESIRAM81" description="ESI RAM 81" id="ESIRAM81" offset=" 0x0E51" width="8"></register>
<register acronym="ESIRAM82" description="ESI RAM 82" id="ESIRAM82" offset=" 0x0E52" width="8"></register>
<register acronym="ESIRAM83" description="ESI RAM 83" id="ESIRAM83" offset=" 0x0E53" width="8"></register>
<register acronym="ESIRAM84" description="ESI RAM 84" id="ESIRAM84" offset=" 0x0E54" width="8"></register>
<register acronym="ESIRAM85" description="ESI RAM 85" id="ESIRAM85" offset=" 0x0E55" width="8"></register>
<register acronym="ESIRAM86" description="ESI RAM 86" id="ESIRAM86" offset=" 0x0E56" width="8"></register>
<register acronym="ESIRAM87" description="ESI RAM 87" id="ESIRAM87" offset=" 0x0E57" width="8"></register>
<register acronym="ESIRAM88" description="ESI RAM 88" id="ESIRAM88" offset=" 0x0E58" width="8"></register>
<register acronym="ESIRAM89" description="ESI RAM 89" id="ESIRAM89" offset=" 0x0E59" width="8"></register>
<register acronym="ESIRAM90" description="ESI RAM 90" id="ESIRAM90" offset=" 0x0E5A" width="8"></register>
<register acronym="ESIRAM91" description="ESI RAM 91" id="ESIRAM91" offset=" 0x0E5B" width="8"></register>
<register acronym="ESIRAM92" description="ESI RAM 92" id="ESIRAM92" offset=" 0x0E5C" width="8"></register>
<register acronym="ESIRAM93" description="ESI RAM 93" id="ESIRAM93" offset=" 0x0E5D" width="8"></register>
<register acronym="ESIRAM94" description="ESI RAM 94" id="ESIRAM94" offset=" 0x0E5E" width="8"></register>
<register acronym="ESIRAM95" description="ESI RAM 95" id="ESIRAM95" offset=" 0x0E5F" width="8"></register>
<register acronym="ESIRAM96" description="ESI RAM 96" id="ESIRAM96" offset=" 0x0E60" width="8"></register>
<register acronym="ESIRAM97" description="ESI RAM 97" id="ESIRAM97" offset=" 0x0E61" width="8"></register>
<register acronym="ESIRAM98" description="ESI RAM 98" id="ESIRAM98" offset=" 0x0E62" width="8"></register>
<register acronym="ESIRAM99" description="ESI RAM 99" id="ESIRAM99" offset=" 0x0E63" width="8"></register>
<register acronym="ESIRAM100" description="ESI RAM 100" id="ESIRAM100" offset=" 0x0E64" width="8"></register>
<register acronym="ESIRAM101" description="ESI RAM 101" id="ESIRAM101" offset=" 0x0E65" width="8"></register>
<register acronym="ESIRAM102" description="ESI RAM 102" id="ESIRAM102" offset=" 0x0E66" width="8"></register>
<register acronym="ESIRAM103" description="ESI RAM 103" id="ESIRAM103" offset=" 0x0E67" width="8"></register>
<register acronym="ESIRAM104" description="ESI RAM 104" id="ESIRAM104" offset=" 0x0E68" width="8"></register>
<register acronym="ESIRAM105" description="ESI RAM 105" id="ESIRAM105" offset=" 0x0E69" width="8"></register>
<register acronym="ESIRAM106" description="ESI RAM 106" id="ESIRAM106" offset=" 0x0E6A" width="8"></register>
<register acronym="ESIRAM107" description="ESI RAM 107" id="ESIRAM107" offset=" 0x0E6B" width="8"></register>
<register acronym="ESIRAM108" description="ESI RAM 108" id="ESIRAM108" offset=" 0x0E6C" width="8"></register>
<register acronym="ESIRAM109" description="ESI RAM 109" id="ESIRAM109" offset=" 0x0E6D" width="8"></register>
<register acronym="ESIRAM110" description="ESI RAM 110" id="ESIRAM110" offset=" 0x0E6E" width="8"></register>
<register acronym="ESIRAM111" description="ESI RAM 111" id="ESIRAM111" offset=" 0x0E6F" width="8"></register>
<register acronym="ESIRAM112" description="ESI RAM 112" id="ESIRAM112" offset=" 0x0E70" width="8"></register>
<register acronym="ESIRAM113" description="ESI RAM 113" id="ESIRAM113" offset=" 0x0E71" width="8"></register>
<register acronym="ESIRAM114" description="ESI RAM 114" id="ESIRAM114" offset=" 0x0E72" width="8"></register>
<register acronym="ESIRAM115" description="ESI RAM 115" id="ESIRAM115" offset=" 0x0E73" width="8"></register>
<register acronym="ESIRAM116" description="ESI RAM 116" id="ESIRAM116" offset=" 0x0E74" width="8"></register>
<register acronym="ESIRAM117" description="ESI RAM 117" id="ESIRAM117" offset=" 0x0E75" width="8"></register>
<register acronym="ESIRAM118" description="ESI RAM 118" id="ESIRAM118" offset=" 0x0E76" width="8"></register>
<register acronym="ESIRAM119" description="ESI RAM 119" id="ESIRAM119" offset=" 0x0E77" width="8"></register>
<register acronym="ESIRAM120" description="ESI RAM 120" id="ESIRAM120" offset=" 0x0E78" width="8"></register>
<register acronym="ESIRAM121" description="ESI RAM 121" id="ESIRAM121" offset=" 0x0E79" width="8"></register>
<register acronym="ESIRAM122" description="ESI RAM 122" id="ESIRAM122" offset=" 0x0E7A" width="8"></register>
<register acronym="ESIRAM123" description="ESI RAM 123" id="ESIRAM123" offset=" 0x0E7B" width="8"></register>
<register acronym="ESIRAM124" description="ESI RAM 124" id="ESIRAM124" offset=" 0x0E7C" width="8"></register>
<register acronym="ESIRAM125" description="ESI RAM 125" id="ESIRAM125" offset=" 0x0E7D" width="8"></register>
<register acronym="ESIRAM126" description="ESI RAM 126" id="ESIRAM126" offset=" 0x0E7E" width="8"></register>
<register acronym="ESIRAM127" description="ESI RAM 127" id="ESIRAM127" offset=" 0x0E7F" width="8"></register>
</module>