<module HW_revision="" XML_version="1" description="Port C" id="Port C">
<register acronym="PCIN" description="Port C Input" id="PCIN" offset=" 0x0240" width="16">
<bitfield begin="0" description="PCIN0" end="0" id="PCIN0" range="" resetval="0" rwaccess="RW" width="1"></bitfield>
<bitfield begin="1" description="PCIN1" end="1" id="PCIN1" range="" resetval="0" rwaccess="RW" width="1"></bitfield>
<bitfield begin="2" description="PCIN2" end="2" id="PCIN2" range="" resetval="0" rwaccess="RW" width="1"></bitfield>
<bitfield begin="3" description="PCIN3" end="3" id="PCIN3" range="" resetval="0" rwaccess="RW" width="1"></bitfield>
<bitfield begin="4" description="PCIN4" end="4" id="PCIN4" range="" resetval="0" rwaccess="RW" width="1"></bitfield>
<bitfield begin="5" description="PCIN5" end="5" id="PCIN5" range="" resetval="0" rwaccess="RW" width="1"></bitfield>
<bitfield begin="6" description="PCIN6" end="6" id="PCIN6" range="" resetval="0" rwaccess="RW" width="1"></bitfield>
<bitfield begin="7" description="PCIN7" end="7" id="PCIN7" range="" resetval="0" rwaccess="RW" width="1"></bitfield>
<bitfield begin="8" description="PCIN8" end="8" id="PCIN8" range="" resetval="0" rwaccess="RW" width="1"></bitfield>
<bitfield begin="9" description="PCIN9" end="9" id="PCIN9" range="" resetval="0" rwaccess="RW" width="1"></bitfield>
<bitfield begin="10" description="PCIN10" end="10" id="PCIN10" range="" resetval="0" rwaccess="RW" width="1"></bitfield>
<bitfield begin="11" description="PCIN11" end="11" id="PCIN11" range="" resetval="0" rwaccess="RW" width="1"></bitfield>
<bitfield begin="12" description="PCIN12" end="12" id="PCIN12" range="" resetval="0" rwaccess="RW" width="1"></bitfield>
<bitfield begin="13" description="PCIN13" end="13" id="PCIN13" range="" resetval="0" rwaccess="RW" width="1"></bitfield>
<bitfield begin="14" description="PCIN14" end="14" id="PCIN14" range="" resetval="0" rwaccess="RW" width="1"></bitfield>
<bitfield begin="15" description="PCIN15" end="15" id="PCIN15" range="" resetval="0" rwaccess="RW" width="1"></bitfield></register>
<register acronym="PCOUT" description="Port C Output" id="PCOUT" offset=" 0x0242" width="16">
<bitfield begin="0" description="PCOUT0" end="0" id="PCOUT0" range="" resetval="0" rwaccess="RW" width="1"></bitfield>
<bitfield begin="1" description="PCOUT1" end="1" id="PCOUT1" range="" resetval="0" rwaccess="RW" width="1"></bitfield>
<bitfield begin="2" description="PCOUT2" end="2" id="PCOUT2" range="" resetval="0" rwaccess="RW" width="1"></bitfield>
<bitfield begin="3" description="PCOUT3" end="3" id="PCOUT3" range="" resetval="0" rwaccess="RW" width="1"></bitfield>
<bitfield begin="4" description="PCOUT4" end="4" id="PCOUT4" range="" resetval="0" rwaccess="RW" width="1"></bitfield>
<bitfield begin="5" description="PCOUT5" end="5" id="PCOUT5" range="" resetval="0" rwaccess="RW" width="1"></bitfield>
<bitfield begin="6" description="PCOUT6" end="6" id="PCOUT6" range="" resetval="0" rwaccess="RW" width="1"></bitfield>
<bitfield begin="7" description="PCOUT7" end="7" id="PCOUT7" range="" resetval="0" rwaccess="RW" width="1"></bitfield>
<bitfield begin="8" description="PCOUT8" end="8" id="PCOUT8" range="" resetval="0" rwaccess="RW" width="1"></bitfield>
<bitfield begin="9" description="PCOUT9" end="9" id="PCOUT9" range="" resetval="0" rwaccess="RW" width="1"></bitfield>
<bitfield begin="10" description="PCOUT10" end="10" id="PCOUT10" range="" resetval="0" rwaccess="RW" width="1"></bitfield>
<bitfield begin="11" description="PCOUT11" end="11" id="PCOUT11" range="" resetval="0" rwaccess="RW" width="1"></bitfield>
<bitfield begin="12" description="PCOUT12" end="12" id="PCOUT12" range="" resetval="0" rwaccess="RW" width="1"></bitfield>
<bitfield begin="13" description="PCOUT13" end="13" id="PCOUT13" range="" resetval="0" rwaccess="RW" width="1"></bitfield>
<bitfield begin="14" description="PCOUT14" end="14" id="PCOUT14" range="" resetval="0" rwaccess="RW" width="1"></bitfield>
<bitfield begin="15" description="PCOUT15" end="15" id="PCOUT15" range="" resetval="0" rwaccess="RW" width="1"></bitfield></register>
<register acronym="PCDIR" description="Port C Direction" id="PCDIR" offset=" 0x0244" width="16">
<bitfield begin="0" description="PCDIR0" end="0" id="PCDIR0" range="" resetval="0" rwaccess="RW" width="1"></bitfield>
<bitfield begin="1" description="PCDIR1" end="1" id="PCDIR1" range="" resetval="0" rwaccess="RW" width="1"></bitfield>
<bitfield begin="2" description="PCDIR2" end="2" id="PCDIR2" range="" resetval="0" rwaccess="RW" width="1"></bitfield>
<bitfield begin="3" description="PCDIR3" end="3" id="PCDIR3" range="" resetval="0" rwaccess="RW" width="1"></bitfield>
<bitfield begin="4" description="PCDIR4" end="4" id="PCDIR4" range="" resetval="0" rwaccess="RW" width="1"></bitfield>
<bitfield begin="5" description="PCDIR5" end="5" id="PCDIR5" range="" resetval="0" rwaccess="RW" width="1"></bitfield>
<bitfield begin="6" description="PCDIR6" end="6" id="PCDIR6" range="" resetval="0" rwaccess="RW" width="1"></bitfield>
<bitfield begin="7" description="PCDIR7" end="7" id="PCDIR7" range="" resetval="0" rwaccess="RW" width="1"></bitfield>
<bitfield begin="8" description="PCDIR8" end="8" id="PCDIR8" range="" resetval="0" rwaccess="RW" width="1"></bitfield>
<bitfield begin="9" description="PCDIR9" end="9" id="PCDIR9" range="" resetval="0" rwaccess="RW" width="1"></bitfield>
<bitfield begin="10" description="PCDIR10" end="10" id="PCDIR10" range="" resetval="0" rwaccess="RW" width="1"></bitfield>
<bitfield begin="11" description="PCDIR11" end="11" id="PCDIR11" range="" resetval="0" rwaccess="RW" width="1"></bitfield>
<bitfield begin="12" description="PCDIR12" end="12" id="PCDIR12" range="" resetval="0" rwaccess="RW" width="1"></bitfield>
<bitfield begin="13" description="PCDIR13" end="13" id="PCDIR13" range="" resetval="0" rwaccess="RW" width="1"></bitfield>
<bitfield begin="14" description="PCDIR14" end="14" id="PCDIR14" range="" resetval="0" rwaccess="RW" width="1"></bitfield>
<bitfield begin="15" description="PCDIR15" end="15" id="PCDIR15" range="" resetval="0" rwaccess="RW" width="1"></bitfield></register>
<register acronym="PCREN" description="Port C Resistor Enable" id="PCREN" offset=" 0x0246" width="16">
<bitfield begin="0" description="PCREN0" end="0" id="PCREN0" range="" resetval="0" rwaccess="RW" width="1"></bitfield>
<bitfield begin="1" description="PCREN1" end="1" id="PCREN1" range="" resetval="0" rwaccess="RW" width="1"></bitfield>
<bitfield begin="2" description="PCREN2" end="2" id="PCREN2" range="" resetval="0" rwaccess="RW" width="1"></bitfield>
<bitfield begin="3" description="PCREN3" end="3" id="PCREN3" range="" resetval="0" rwaccess="RW" width="1"></bitfield>
<bitfield begin="4" description="PCREN4" end="4" id="PCREN4" range="" resetval="0" rwaccess="RW" width="1"></bitfield>
<bitfield begin="5" description="PCREN5" end="5" id="PCREN5" range="" resetval="0" rwaccess="RW" width="1"></bitfield>
<bitfield begin="6" description="PCREN6" end="6" id="PCREN6" range="" resetval="0" rwaccess="RW" width="1"></bitfield>
<bitfield begin="7" description="PCREN7" end="7" id="PCREN7" range="" resetval="0" rwaccess="RW" width="1"></bitfield>
<bitfield begin="8" description="PCREN8" end="8" id="PCREN8" range="" resetval="0" rwaccess="RW" width="1"></bitfield>
<bitfield begin="9" description="PCREN9" end="9" id="PCREN9" range="" resetval="0" rwaccess="RW" width="1"></bitfield>
<bitfield begin="10" description="PCREN10" end="10" id="PCREN10" range="" resetval="0" rwaccess="RW" width="1"></bitfield>
<bitfield begin="11" description="PCREN11" end="11" id="PCREN11" range="" resetval="0" rwaccess="RW" width="1"></bitfield>
<bitfield begin="12" description="PCREN12" end="12" id="PCREN12" range="" resetval="0" rwaccess="RW" width="1"></bitfield>
<bitfield begin="13" description="PCREN13" end="13" id="PCREN13" range="" resetval="0" rwaccess="RW" width="1"></bitfield>
<bitfield begin="14" description="PCREN14" end="14" id="PCREN14" range="" resetval="0" rwaccess="RW" width="1"></bitfield>
<bitfield begin="15" description="PCREN15" end="15" id="PCREN15" range="" resetval="0" rwaccess="RW" width="1"></bitfield></register>
<register acronym="PCSEL0" description="Port C Selection 0" id="PCSEL0" offset=" 0x024A" width="16">
<bitfield begin="0" description="PCSEL0_0" end="0" id="PCSEL0_0" range="" resetval="0" rwaccess="RW" width="1"></bitfield>
<bitfield begin="1" description="PCSEL0_1" end="1" id="PCSEL0_1" range="" resetval="0" rwaccess="RW" width="1"></bitfield>
<bitfield begin="2" description="PCSEL0_2" end="2" id="PCSEL0_2" range="" resetval="0" rwaccess="RW" width="1"></bitfield>
<bitfield begin="3" description="PCSEL0_3" end="3" id="PCSEL0_3" range="" resetval="0" rwaccess="RW" width="1"></bitfield>
<bitfield begin="4" description="PCSEL0_4" end="4" id="PCSEL0_4" range="" resetval="0" rwaccess="RW" width="1"></bitfield>
<bitfield begin="5" description="PCSEL0_5" end="5" id="PCSEL0_5" range="" resetval="0" rwaccess="RW" width="1"></bitfield>
<bitfield begin="6" description="PCSEL0_6" end="6" id="PCSEL0_6" range="" resetval="0" rwaccess="RW" width="1"></bitfield>
<bitfield begin="7" description="PCSEL0_7" end="7" id="PCSEL0_7" range="" resetval="0" rwaccess="RW" width="1"></bitfield>
<bitfield begin="8" description="PCSEL0_8" end="8" id="PCSEL0_8" range="" resetval="0" rwaccess="RW" width="1"></bitfield>
<bitfield begin="9" description="PCSEL0_9" end="9" id="PCSEL0_9" range="" resetval="0" rwaccess="RW" width="1"></bitfield>
<bitfield begin="10" description="PCSEL0_10" end="10" id="PCSEL0_10" range="" resetval="0" rwaccess="RW" width="1"></bitfield>
<bitfield begin="11" description="PCSEL0_11" end="11" id="PCSEL0_11" range="" resetval="0" rwaccess="RW" width="1"></bitfield>
<bitfield begin="12" description="PCSEL0_12" end="12" id="PCSEL0_12" range="" resetval="0" rwaccess="RW" width="1"></bitfield>
<bitfield begin="13" description="PCSEL0_13" end="13" id="PCSEL0_13" range="" resetval="0" rwaccess="RW" width="1"></bitfield>
<bitfield begin="14" description="PCSEL0_14" end="14" id="PCSEL0_14" range="" resetval="0" rwaccess="RW" width="1"></bitfield>
<bitfield begin="15" description="PCSEL0_15" end="15" id="PCSEL0_15" range="" resetval="0" rwaccess="RW" width="1"></bitfield></register>
<register acronym="PCSEL1" description="Port C Selection 1" id="PCSEL1" offset=" 0x024C" width="16">
<bitfield begin="0" description="PCSEL1_0" end="0" id="PCSEL1_0" range="" resetval="0" rwaccess="RW" width="1"></bitfield>
<bitfield begin="1" description="PCSEL1_1" end="1" id="PCSEL1_1" range="" resetval="0" rwaccess="RW" width="1"></bitfield>
<bitfield begin="2" description="PCSEL1_2" end="2" id="PCSEL1_2" range="" resetval="0" rwaccess="RW" width="1"></bitfield>
<bitfield begin="3" description="PCSEL1_3" end="3" id="PCSEL1_3" range="" resetval="0" rwaccess="RW" width="1"></bitfield>
<bitfield begin="4" description="PCSEL1_4" end="4" id="PCSEL1_4" range="" resetval="0" rwaccess="RW" width="1"></bitfield>
<bitfield begin="5" description="PCSEL1_5" end="5" id="PCSEL1_5" range="" resetval="0" rwaccess="RW" width="1"></bitfield>
<bitfield begin="6" description="PCSEL1_6" end="6" id="PCSEL1_6" range="" resetval="0" rwaccess="RW" width="1"></bitfield>
<bitfield begin="7" description="PCSEL1_7" end="7" id="PCSEL1_7" range="" resetval="0" rwaccess="RW" width="1"></bitfield>
<bitfield begin="8" description="PCSEL1_8" end="8" id="PCSEL1_8" range="" resetval="0" rwaccess="RW" width="1"></bitfield>
<bitfield begin="9" description="PCSEL1_9" end="9" id="PCSEL1_9" range="" resetval="0" rwaccess="RW" width="1"></bitfield>
<bitfield begin="10" description="PCSEL1_10" end="10" id="PCSEL1_10" range="" resetval="0" rwaccess="RW" width="1"></bitfield>
<bitfield begin="11" description="PCSEL1_11" end="11" id="PCSEL1_11" range="" resetval="0" rwaccess="RW" width="1"></bitfield>
<bitfield begin="12" description="PCSEL1_12" end="12" id="PCSEL1_12" range="" resetval="0" rwaccess="RW" width="1"></bitfield>
<bitfield begin="13" description="PCSEL1_13" end="13" id="PCSEL1_13" range="" resetval="0" rwaccess="RW" width="1"></bitfield>
<bitfield begin="14" description="PCSEL1_14" end="14" id="PCSEL1_14" range="" resetval="0" rwaccess="RW" width="1"></bitfield>
<bitfield begin="15" description="PCSEL1_15" end="15" id="PCSEL1_15" range="" resetval="0" rwaccess="RW" width="1"></bitfield></register>
<register acronym="PCSELC" description="Port C Complement Selection" id="PCSELC" offset=" 0x0256" width="16">
<bitfield begin="0" description="PCSELC_0" end="0" id="PCSELC_0" range="" resetval="0" rwaccess="RW" width="1"></bitfield>
<bitfield begin="1" description="PCSELC_1" end="1" id="PCSELC_1" range="" resetval="0" rwaccess="RW" width="1"></bitfield>
<bitfield begin="2" description="PCSELC_2" end="2" id="PCSELC_2" range="" resetval="0" rwaccess="RW" width="1"></bitfield>
<bitfield begin="3" description="PCSELC_3" end="3" id="PCSELC_3" range="" resetval="0" rwaccess="RW" width="1"></bitfield>
<bitfield begin="4" description="PCSELC_4" end="4" id="PCSELC_4" range="" resetval="0" rwaccess="RW" width="1"></bitfield>
<bitfield begin="5" description="PCSELC_5" end="5" id="PCSELC_5" range="" resetval="0" rwaccess="RW" width="1"></bitfield>
<bitfield begin="6" description="PCSELC_6" end="6" id="PCSELC_6" range="" resetval="0" rwaccess="RW" width="1"></bitfield>
<bitfield begin="7" description="PCSELC_7" end="7" id="PCSELC_7" range="" resetval="0" rwaccess="RW" width="1"></bitfield>
<bitfield begin="8" description="PCSELC_8" end="8" id="PCSELC_8" range="" resetval="0" rwaccess="RW" width="1"></bitfield>
<bitfield begin="9" description="PCSELC_9" end="9" id="PCSELC_9" range="" resetval="0" rwaccess="RW" width="1"></bitfield>
<bitfield begin="10" description="PCSELC_10" end="10" id="PCSELC_10" range="" resetval="0" rwaccess="RW" width="1"></bitfield>
<bitfield begin="11" description="PCSELC_11" end="11" id="PCSELC_11" range="" resetval="0" rwaccess="RW" width="1"></bitfield>
<bitfield begin="12" description="PCSELC_12" end="12" id="PCSELC_12" range="" resetval="0" rwaccess="RW" width="1"></bitfield>
<bitfield begin="13" description="PCSELC_13" end="13" id="PCSELC_13" range="" resetval="0" rwaccess="RW" width="1"></bitfield>
<bitfield begin="14" description="PCSELC_14" end="14" id="PCSELC_14" range="" resetval="0" rwaccess="RW" width="1"></bitfield>
<bitfield begin="15" description="PCSELC_15" end="15" id="PCSELC_15" range="" resetval="0" rwaccess="RW" width="1"></bitfield></register>
</module>