<module HW_revision="" XML_version="1" description="Port 9/10" id="Port 9/10">
<register acronym="P9IN" description="Port 9 Input" id="P9IN" offset=" 0x0280" width="8">
<bitfield begin="0" description="P9IN0" end="0" id="P9IN0" range="" resetval="0" rwaccess="RW" width="1"></bitfield>
<bitfield begin="1" description="P9IN1" end="1" id="P9IN1" range="" resetval="0" rwaccess="RW" width="1"></bitfield>
<bitfield begin="2" description="P9IN2" end="2" id="P9IN2" range="" resetval="0" rwaccess="RW" width="1"></bitfield>
<bitfield begin="3" description="P9IN3" end="3" id="P9IN3" range="" resetval="0" rwaccess="RW" width="1"></bitfield>
<bitfield begin="4" description="P9IN4" end="4" id="P9IN4" range="" resetval="0" rwaccess="RW" width="1"></bitfield>
<bitfield begin="5" description="P9IN5" end="5" id="P9IN5" range="" resetval="0" rwaccess="RW" width="1"></bitfield>
<bitfield begin="6" description="P9IN6" end="6" id="P9IN6" range="" resetval="0" rwaccess="RW" width="1"></bitfield>
<bitfield begin="7" description="P9IN7" end="7" id="P9IN7" range="" resetval="0" rwaccess="RW" width="1"></bitfield></register>
<register acronym="P9OUT" description="Port 9 Output" id="P9OUT" offset=" 0x0282" width="8">
<bitfield begin="0" description="P9OUT0" end="0" id="P9OUT0" range="" resetval="0" rwaccess="RW" width="1"></bitfield>
<bitfield begin="1" description="P9OUT1" end="1" id="P9OUT1" range="" resetval="0" rwaccess="RW" width="1"></bitfield>
<bitfield begin="2" description="P9OUT2" end="2" id="P9OUT2" range="" resetval="0" rwaccess="RW" width="1"></bitfield>
<bitfield begin="3" description="P9OUT3" end="3" id="P9OUT3" range="" resetval="0" rwaccess="RW" width="1"></bitfield>
<bitfield begin="4" description="P9OUT4" end="4" id="P9OUT4" range="" resetval="0" rwaccess="RW" width="1"></bitfield>
<bitfield begin="5" description="P9OUT5" end="5" id="P9OUT5" range="" resetval="0" rwaccess="RW" width="1"></bitfield>
<bitfield begin="6" description="P9OUT6" end="6" id="P9OUT6" range="" resetval="0" rwaccess="RW" width="1"></bitfield>
<bitfield begin="7" description="P9OUT7" end="7" id="P9OUT7" range="" resetval="0" rwaccess="RW" width="1"></bitfield></register>
<register acronym="P9DIR" description="Port 9 Direction" id="P9DIR" offset=" 0x0284" width="8">
<bitfield begin="0" description="P9DIR0" end="0" id="P9DIR0" range="" resetval="0" rwaccess="RW" width="1"></bitfield>
<bitfield begin="1" description="P9DIR1" end="1" id="P9DIR1" range="" resetval="0" rwaccess="RW" width="1"></bitfield>
<bitfield begin="2" description="P9DIR2" end="2" id="P9DIR2" range="" resetval="0" rwaccess="RW" width="1"></bitfield>
<bitfield begin="3" description="P9DIR3" end="3" id="P9DIR3" range="" resetval="0" rwaccess="RW" width="1"></bitfield>
<bitfield begin="4" description="P9DIR4" end="4" id="P9DIR4" range="" resetval="0" rwaccess="RW" width="1"></bitfield>
<bitfield begin="5" description="P9DIR5" end="5" id="P9DIR5" range="" resetval="0" rwaccess="RW" width="1"></bitfield>
<bitfield begin="6" description="P9DIR6" end="6" id="P9DIR6" range="" resetval="0" rwaccess="RW" width="1"></bitfield>
<bitfield begin="7" description="P9DIR7" end="7" id="P9DIR7" range="" resetval="0" rwaccess="RW" width="1"></bitfield></register>
<register acronym="P9REN" description="Port 9 Resistor Enable" id="P9REN" offset=" 0x0286" width="8">
<bitfield begin="0" description="P9REN0" end="0" id="P9REN0" range="" resetval="0" rwaccess="RW" width="1"></bitfield>
<bitfield begin="1" description="P9REN1" end="1" id="P9REN1" range="" resetval="0" rwaccess="RW" width="1"></bitfield>
<bitfield begin="2" description="P9REN2" end="2" id="P9REN2" range="" resetval="0" rwaccess="RW" width="1"></bitfield>
<bitfield begin="3" description="P9REN3" end="3" id="P9REN3" range="" resetval="0" rwaccess="RW" width="1"></bitfield>
<bitfield begin="4" description="P9REN4" end="4" id="P9REN4" range="" resetval="0" rwaccess="RW" width="1"></bitfield>
<bitfield begin="5" description="P9REN5" end="5" id="P9REN5" range="" resetval="0" rwaccess="RW" width="1"></bitfield>
<bitfield begin="6" description="P9REN6" end="6" id="P9REN6" range="" resetval="0" rwaccess="RW" width="1"></bitfield>
<bitfield begin="7" description="P9REN7" end="7" id="P9REN7" range="" resetval="0" rwaccess="RW" width="1"></bitfield></register>
<register acronym="P9SEL0" description="Port 9 Selection 0" id="P9SEL0" offset=" 0x028A" width="8">
<bitfield begin="0" description="P9SEL0_0" end="0" id="P9SEL0_0" range="" resetval="0" rwaccess="RW" width="1"></bitfield>
<bitfield begin="1" description="P9SEL0_1" end="1" id="P9SEL0_1" range="" resetval="0" rwaccess="RW" width="1"></bitfield>
<bitfield begin="2" description="P9SEL0_2" end="2" id="P9SEL0_2" range="" resetval="0" rwaccess="RW" width="1"></bitfield>
<bitfield begin="3" description="P9SEL0_3" end="3" id="P9SEL0_3" range="" resetval="0" rwaccess="RW" width="1"></bitfield>
<bitfield begin="4" description="P9SEL0_4" end="4" id="P9SEL0_4" range="" resetval="0" rwaccess="RW" width="1"></bitfield>
<bitfield begin="5" description="P9SEL0_5" end="5" id="P9SEL0_5" range="" resetval="0" rwaccess="RW" width="1"></bitfield>
<bitfield begin="6" description="P9SEL0_6" end="6" id="P9SEL0_6" range="" resetval="0" rwaccess="RW" width="1"></bitfield>
<bitfield begin="7" description="P9SEL0_7" end="7" id="P9SEL0_7" range="" resetval="0" rwaccess="RW" width="1"></bitfield></register>
<register acronym="P9SEL1" description="Port 9 Selection 1" id="P9SEL1" offset=" 0x028C" width="8">
<bitfield begin="0" description="P9SEL1_0" end="0" id="P9SEL1_0" range="" resetval="0" rwaccess="RW" width="1"></bitfield>
<bitfield begin="1" description="P9SEL1_1" end="1" id="P9SEL1_1" range="" resetval="0" rwaccess="RW" width="1"></bitfield>
<bitfield begin="2" description="P9SEL1_2" end="2" id="P9SEL1_2" range="" resetval="0" rwaccess="RW" width="1"></bitfield>
<bitfield begin="3" description="P9SEL1_3" end="3" id="P9SEL1_3" range="" resetval="0" rwaccess="RW" width="1"></bitfield>
<bitfield begin="4" description="P9SEL1_4" end="4" id="P9SEL1_4" range="" resetval="0" rwaccess="RW" width="1"></bitfield>
<bitfield begin="5" description="P9SEL1_5" end="5" id="P9SEL1_5" range="" resetval="0" rwaccess="RW" width="1"></bitfield>
<bitfield begin="6" description="P9SEL1_6" end="6" id="P9SEL1_6" range="" resetval="0" rwaccess="RW" width="1"></bitfield>
<bitfield begin="7" description="P9SEL1_7" end="7" id="P9SEL1_7" range="" resetval="0" rwaccess="RW" width="1"></bitfield></register>
<register acronym="P9SELC" description="Port 9 Complement Selection" id="P9SELC" offset=" 0x0296" width="8">
<bitfield begin="0" description="P9SELC_0" end="0" id="P9SELC_0" range="" resetval="0" rwaccess="RW" width="1"></bitfield>
<bitfield begin="1" description="P9SELC_1" end="1" id="P9SELC_1" range="" resetval="0" rwaccess="RW" width="1"></bitfield>
<bitfield begin="2" description="P9SELC_2" end="2" id="P9SELC_2" range="" resetval="0" rwaccess="RW" width="1"></bitfield>
<bitfield begin="3" description="P9SELC_3" end="3" id="P9SELC_3" range="" resetval="0" rwaccess="RW" width="1"></bitfield>
<bitfield begin="4" description="P9SELC_4" end="4" id="P9SELC_4" range="" resetval="0" rwaccess="RW" width="1"></bitfield>
<bitfield begin="5" description="P9SELC_5" end="5" id="P9SELC_5" range="" resetval="0" rwaccess="RW" width="1"></bitfield>
<bitfield begin="6" description="P9SELC_6" end="6" id="P9SELC_6" range="" resetval="0" rwaccess="RW" width="1"></bitfield>
<bitfield begin="7" description="P9SELC_7" end="7" id="P9SELC_7" range="" resetval="0" rwaccess="RW" width="1"></bitfield></register>
<register acronym="P10IN" description="Port 10 Input" id="P10IN" offset=" 0x0281" width="8">
<bitfield begin="0" description="P10IN0" end="0" id="P10IN0" range="" resetval="0" rwaccess="RW" width="1"></bitfield>
<bitfield begin="1" description="P10IN1" end="1" id="P10IN1" range="" resetval="0" rwaccess="RW" width="1"></bitfield>
<bitfield begin="2" description="P10IN2" end="2" id="P10IN2" range="" resetval="0" rwaccess="RW" width="1"></bitfield>
<bitfield begin="3" description="P10IN3" end="3" id="P10IN3" range="" resetval="0" rwaccess="RW" width="1"></bitfield>
<bitfield begin="4" description="P10IN4" end="4" id="P10IN4" range="" resetval="0" rwaccess="RW" width="1"></bitfield>
<bitfield begin="5" description="P10IN5" end="5" id="P10IN5" range="" resetval="0" rwaccess="RW" width="1"></bitfield>
<bitfield begin="6" description="P10IN6" end="6" id="P10IN6" range="" resetval="0" rwaccess="RW" width="1"></bitfield>
<bitfield begin="7" description="P10IN7" end="7" id="P10IN7" range="" resetval="0" rwaccess="RW" width="1"></bitfield></register>
<register acronym="P10OUT" description="Port 10 Output" id="P10OUT" offset=" 0x0283" width="8">
<bitfield begin="0" description="P10OUT0" end="0" id="P10OUT0" range="" resetval="0" rwaccess="RW" width="1"></bitfield>
<bitfield begin="1" description="P10OUT1" end="1" id="P10OUT1" range="" resetval="0" rwaccess="RW" width="1"></bitfield>
<bitfield begin="2" description="P10OUT2" end="2" id="P10OUT2" range="" resetval="0" rwaccess="RW" width="1"></bitfield>
<bitfield begin="3" description="P10OUT3" end="3" id="P10OUT3" range="" resetval="0" rwaccess="RW" width="1"></bitfield>
<bitfield begin="4" description="P10OUT4" end="4" id="P10OUT4" range="" resetval="0" rwaccess="RW" width="1"></bitfield>
<bitfield begin="5" description="P10OUT5" end="5" id="P10OUT5" range="" resetval="0" rwaccess="RW" width="1"></bitfield>
<bitfield begin="6" description="P10OUT6" end="6" id="P10OUT6" range="" resetval="0" rwaccess="RW" width="1"></bitfield>
<bitfield begin="7" description="P10OUT7" end="7" id="P10OUT7" range="" resetval="0" rwaccess="RW" width="1"></bitfield></register>
<register acronym="P10DIR" description="Port 10 Direction" id="P10DIR" offset=" 0x0285" width="8">
<bitfield begin="0" description="P10DIR0" end="0" id="P10DIR0" range="" resetval="0" rwaccess="RW" width="1"></bitfield>
<bitfield begin="1" description="P10DIR1" end="1" id="P10DIR1" range="" resetval="0" rwaccess="RW" width="1"></bitfield>
<bitfield begin="2" description="P10DIR2" end="2" id="P10DIR2" range="" resetval="0" rwaccess="RW" width="1"></bitfield>
<bitfield begin="3" description="P10DIR3" end="3" id="P10DIR3" range="" resetval="0" rwaccess="RW" width="1"></bitfield>
<bitfield begin="4" description="P10DIR4" end="4" id="P10DIR4" range="" resetval="0" rwaccess="RW" width="1"></bitfield>
<bitfield begin="5" description="P10DIR5" end="5" id="P10DIR5" range="" resetval="0" rwaccess="RW" width="1"></bitfield>
<bitfield begin="6" description="P10DIR6" end="6" id="P10DIR6" range="" resetval="0" rwaccess="RW" width="1"></bitfield>
<bitfield begin="7" description="P10DIR7" end="7" id="P10DIR7" range="" resetval="0" rwaccess="RW" width="1"></bitfield></register>
<register acronym="P10REN" description="Port 10 Resistor Enable" id="P10REN" offset=" 0x0287" width="8">
<bitfield begin="0" description="P10REN0" end="0" id="P10REN0" range="" resetval="0" rwaccess="RW" width="1"></bitfield>
<bitfield begin="1" description="P10REN1" end="1" id="P10REN1" range="" resetval="0" rwaccess="RW" width="1"></bitfield>
<bitfield begin="2" description="P10REN2" end="2" id="P10REN2" range="" resetval="0" rwaccess="RW" width="1"></bitfield>
<bitfield begin="3" description="P10REN3" end="3" id="P10REN3" range="" resetval="0" rwaccess="RW" width="1"></bitfield>
<bitfield begin="4" description="P10REN4" end="4" id="P10REN4" range="" resetval="0" rwaccess="RW" width="1"></bitfield>
<bitfield begin="5" description="P10REN5" end="5" id="P10REN5" range="" resetval="0" rwaccess="RW" width="1"></bitfield>
<bitfield begin="6" description="P10REN6" end="6" id="P10REN6" range="" resetval="0" rwaccess="RW" width="1"></bitfield>
<bitfield begin="7" description="P10REN7" end="7" id="P10REN7" range="" resetval="0" rwaccess="RW" width="1"></bitfield></register>
<register acronym="P10SEL0" description="Port 10 Selection 0" id="P10SEL0" offset=" 0x028B" width="8">
<bitfield begin="0" description="P10SEL0_0" end="0" id="P10SEL0_0" range="" resetval="0" rwaccess="RW" width="1"></bitfield>
<bitfield begin="1" description="P10SEL0_1" end="1" id="P10SEL0_1" range="" resetval="0" rwaccess="RW" width="1"></bitfield>
<bitfield begin="2" description="P10SEL0_2" end="2" id="P10SEL0_2" range="" resetval="0" rwaccess="RW" width="1"></bitfield>
<bitfield begin="3" description="P10SEL0_3" end="3" id="P10SEL0_3" range="" resetval="0" rwaccess="RW" width="1"></bitfield>
<bitfield begin="4" description="P10SEL0_4" end="4" id="P10SEL0_4" range="" resetval="0" rwaccess="RW" width="1"></bitfield>
<bitfield begin="5" description="P10SEL0_5" end="5" id="P10SEL0_5" range="" resetval="0" rwaccess="RW" width="1"></bitfield>
<bitfield begin="6" description="P10SEL0_6" end="6" id="P10SEL0_6" range="" resetval="0" rwaccess="RW" width="1"></bitfield>
<bitfield begin="7" description="P10SEL0_7" end="7" id="P10SEL0_7" range="" resetval="0" rwaccess="RW" width="1"></bitfield></register>
<register acronym="P10SEL1" description="Port 10 Selection 1" id="P10SEL1" offset=" 0x028D" width="8">
<bitfield begin="0" description="P10SEL1_0" end="0" id="P10SEL1_0" range="" resetval="0" rwaccess="RW" width="1"></bitfield>
<bitfield begin="1" description="P10SEL1_1" end="1" id="P10SEL1_1" range="" resetval="0" rwaccess="RW" width="1"></bitfield>
<bitfield begin="2" description="P10SEL1_2" end="2" id="P10SEL1_2" range="" resetval="0" rwaccess="RW" width="1"></bitfield>
<bitfield begin="3" description="P10SEL1_3" end="3" id="P10SEL1_3" range="" resetval="0" rwaccess="RW" width="1"></bitfield>
<bitfield begin="4" description="P10SEL1_4" end="4" id="P10SEL1_4" range="" resetval="0" rwaccess="RW" width="1"></bitfield>
<bitfield begin="5" description="P10SEL1_5" end="5" id="P10SEL1_5" range="" resetval="0" rwaccess="RW" width="1"></bitfield>
<bitfield begin="6" description="P10SEL1_6" end="6" id="P10SEL1_6" range="" resetval="0" rwaccess="RW" width="1"></bitfield>
<bitfield begin="7" description="P10SEL1_7" end="7" id="P10SEL1_7" range="" resetval="0" rwaccess="RW" width="1"></bitfield></register>
<register acronym="P10SELC" description="Port 10 Complement Selection" id="P10SELC" offset=" 0x0297" width="8">
<bitfield begin="0" description="P10SELC_0" end="0" id="P10SELC_0" range="" resetval="0" rwaccess="RW" width="1"></bitfield>
<bitfield begin="1" description="P10SELC_1" end="1" id="P10SELC_1" range="" resetval="0" rwaccess="RW" width="1"></bitfield>
<bitfield begin="2" description="P10SELC_2" end="2" id="P10SELC_2" range="" resetval="0" rwaccess="RW" width="1"></bitfield>
<bitfield begin="3" description="P10SELC_3" end="3" id="P10SELC_3" range="" resetval="0" rwaccess="RW" width="1"></bitfield>
<bitfield begin="4" description="P10SELC_4" end="4" id="P10SELC_4" range="" resetval="0" rwaccess="RW" width="1"></bitfield>
<bitfield begin="5" description="P10SELC_5" end="5" id="P10SELC_5" range="" resetval="0" rwaccess="RW" width="1"></bitfield>
<bitfield begin="6" description="P10SELC_6" end="6" id="P10SELC_6" range="" resetval="0" rwaccess="RW" width="1"></bitfield>
<bitfield begin="7" description="P10SELC_7" end="7" id="P10SELC_7" range="" resetval="0" rwaccess="RW" width="1"></bitfield></register>
</module>