<module HW_revision="" XML_version="1" description="USCI_B1  SPI Mode" id="USCI_B1  SPI Mode">
<register acronym="UCB1CTLW0__SPI" description="USCI B1 Control Word Register 0" id="UCB1CTLW0__SPI" offset=" 0x0680" width="16">
<bitfield begin="0" description="USCI Software Reset" end="0" id="UCSWRST" range="" resetval="0" rwaccess="RW" width="1"></bitfield>
<bitfield begin="1" description="USCI STE Mode" end="1" id="UCSTEM" range="" resetval="0" rwaccess="RW" width="1"></bitfield>
<bitfield begin="7" description="USCI 1 Clock Source Select 1" end="6" id="UCSSEL" range="" resetval="0" rwaccess="RW" width="2">
<bitenum description="USCI 0 Clock Source: 0" id="UCSSEL_0" token="UCSSEL_0" value="0"></bitenum>
<bitenum description="USCI 0 Clock Source: 1" id="UCSSEL_1" token="UCSSEL_1" value="1"></bitenum>
<bitenum description="USCI 0 Clock Source: 2" id="UCSSEL_2" token="UCSSEL_2" value="2"></bitenum>
<bitenum description="USCI 0 Clock Source: 3" id="UCSSEL_3" token="UCSSEL_3" value="3"></bitenum></bitfield>
<bitfield begin="8" description="Sync-Mode  0:UART-Mode / 1:SPI-Mode" end="8" id="UCSYNC" range="" resetval="0" rwaccess="RW" width="1"></bitfield>
<bitfield begin="10" description="Sync. Mode: USCI Mode 1" end="9" id="UCMODE" range="" resetval="0" rwaccess="RW" width="2">
<bitenum description="Sync. Mode: USCI Mode: 0" id="UCMODE_0" token="UCMODE_0" value="0"></bitenum>
<bitenum description="Sync. Mode: USCI Mode: 1" id="UCMODE_1" token="UCMODE_1" value="1"></bitenum>
<bitenum description="Sync. Mode: USCI Mode: 2" id="UCMODE_2" token="UCMODE_2" value="2"></bitenum>
<bitenum description="Sync. Mode: USCI Mode: 3" id="UCMODE_3" token="UCMODE_3" value="3"></bitenum></bitfield>
<bitfield begin="11" description="Sync. Mode: Master Select" end="11" id="UCMST" range="" resetval="0" rwaccess="RW" width="1"></bitfield>
<bitfield begin="12" description="Sync. Mode: Data Bits 0:8-bits / 1:7-bits" end="12" id="UC7BIT" range="" resetval="0" rwaccess="RW" width="1"></bitfield>
<bitfield begin="13" description="Sync. Mode: MSB first 0:LSB / 1:MSB" end="13" id="UCMSB" range="" resetval="0" rwaccess="RW" width="1"></bitfield>
<bitfield begin="14" description="Sync. Mode: Clock Polarity" end="14" id="UCCKPL" range="" resetval="0" rwaccess="RW" width="1"></bitfield>
<bitfield begin="15" description="Sync. Mode: Clock Phase" end="15" id="UCCKPH" range="" resetval="0" rwaccess="RW" width="1"></bitfield></register>
<register acronym="UCB1CTL0__SPI" description="USCI B1 Control Register 0" id="UCB1CTL0__SPI" offset=" 0x0681" width="8"></register>
<register acronym="UCB1CTL1__SPI" description="USCI B1 Control Register 1" id="UCB1CTL1__SPI" offset=" 0x0680" width="8"></register>
<register acronym="UCB1BRW__SPI" description="USCI B1 Baud Word Rate 0" id="UCB1BRW__SPI" offset=" 0x0686" width="16"></register>
<register acronym="UCB1BR0__SPI" description="USCI B1 Baud Rate 0" id="UCB1BR0__SPI" offset=" 0x0686" width="8"></register>
<register acronym="UCB1BR1__SPI" description="USCI B1 Baud Rate 1" id="UCB1BR1__SPI" offset=" 0x0687" width="8"></register>
<register acronym="UCB1STATW__SPI" description="USCI B1 Status Register" id="UCB1STATW__SPI" offset=" 0x0688" width="16">
<bitfield begin="0" description="USCI Busy Flag" end="0" id="UCBUSY" range="" resetval="0" rwaccess="RW" width="1"></bitfield>
<bitfield begin="5" description="USCI Overrun Error Flag" end="5" id="UCOE" range="" resetval="0" rwaccess="RW" width="1"></bitfield>
<bitfield begin="6" description="USCI Frame Error Flag" end="6" id="UCFE" range="" resetval="0" rwaccess="RW" width="1"></bitfield>
<bitfield begin="7" description="USCI Listen mode" end="7" id="UCLISTEN" range="" resetval="0" rwaccess="RW" width="1"></bitfield></register>
<register acronym="UCB1RXBUF__SPI" description="USCI B1 Receive Buffer" id="UCB1RXBUF__SPI" offset=" 0x068C" width="16"></register>
<register acronym="UCB1TXBUF__SPI" description="USCI B1 Transmit Buffer" id="UCB1TXBUF__SPI" offset=" 0x068E" width="16"></register>
<register acronym="UCB1IE__SPI" description="USCI B1 Interrupt Enable Register" id="UCB1IE__SPI" offset=" 0x06AA" width="16">
<bitfield begin="0" description="USCI Receive Interrupt Enable" end="0" id="UCRXIE" range="" resetval="0" rwaccess="RW" width="1"></bitfield>
<bitfield begin="1" description="USCI Transmit Interrupt Enable" end="1" id="UCTXIE" range="" resetval="0" rwaccess="RW" width="1"></bitfield></register>
<register acronym="UCB1IFG__SPI" description="USCI B1 Interrupt Flags Register" id="UCB1IFG__SPI" offset=" 0x06AC" width="16">
<bitfield begin="0" description="SPI Receive Interrupt Flag" end="0" id="UCRXIFG" range="" resetval="0" rwaccess="RW" width="1"></bitfield>
<bitfield begin="1" description="SPI Transmit Interrupt Flag" end="1" id="UCTXIFG" range="" resetval="0" rwaccess="RW" width="1"></bitfield></register>
<register acronym="UCB1IV__SPI" description="USCI B1 Interrupt Vector Register" id="UCB1IV__SPI" offset=" 0x06AE" width="16"></register>
</module>