<properties XML_version="1.2">
<property Type="stringfield" Value="1.207" id="GNUOptionsVersion"></property>
<property Type="stringfield" Value="-lc -lgcc --gc-sections -L ${CCS_BASE_ROOT}/msp430/include_gcc " id="GNULinkerBuildOptions"></property>
<property Type="stringfield" Value="-mmcu=msp430fr6989 -I${CCS_BASE_ROOT}/msp430/include_gcc -Os -mlarge -mhwmult=f5series -mcode-region=none -mdata-region=none" id="GNUCompilerBuildOptions"></property>
<property Type="stringfield" Value="../include_gcc/msp430fr6989.ld" id="GNUFilesToCopy"></property>
</properties>