<module HW_revision="" XML_version="1" description="Timer0_B7" id="Timer0_B7">
<register acronym="TB0CTL" description="Timer0_B7 Control" id="TB0CTL" offset=" 0x03C0" width="16">
<bitfield begin="0" description="Timer0_B7 interrupt flag" end="0" id="TBIFG" range="" resetval="0" rwaccess="RW" width="1"></bitfield>
<bitfield begin="1" description="Timer0_B7 interrupt enable" end="1" id="TBIE" range="" resetval="0" rwaccess="RW" width="1"></bitfield>
<bitfield begin="2" description="Timer0_B7 counter clear" end="2" id="TBCLR" range="" resetval="0" rwaccess="RW" width="1"></bitfield>
<bitfield begin="5" description="Timer0_B7 mode control 1" end="4" id="MC" range="" resetval="0" rwaccess="RW" width="2">
<bitenum description="Timer A mode control: 0 - Stop" id="MC_0" token="MC_0" value="0"></bitenum>
<bitenum description="Timer A mode control: 1 - Up to CCR0" id="MC_1" token="MC_1" value="1"></bitenum>
<bitenum description="Timer A mode control: 2 - Continuous up" id="MC_2" token="MC_2" value="2"></bitenum>
<bitenum description="Timer A mode control: 3 - Up/Down" id="MC_3" token="MC_3" value="3"></bitenum></bitfield>
<bitfield begin="7" description="Timer0_B7 clock input divider 1" end="6" id="ID" range="" resetval="0" rwaccess="RW" width="2">
<bitenum description="Timer A input divider: 0 - /1" id="ID_0" token="ID_0" value="0"></bitenum>
<bitenum description="Timer A input divider: 1 - /2" id="ID_1" token="ID_1" value="1"></bitenum>
<bitenum description="Timer A input divider: 2 - /4" id="ID_2" token="ID_2" value="2"></bitenum>
<bitenum description="Timer A input divider: 3 - /8" id="ID_3" token="ID_3" value="3"></bitenum></bitfield>
<bitfield begin="9" description="Clock source 1" end="8" id="TBSSEL" range="" resetval="0" rwaccess="RW" width="2">
<bitenum description="Clock Source: TBCLK" id="TBSSEL_0" token="TBSSEL_0" value="0"></bitenum>
<bitenum description="Clock Source: ACLK" id="TBSSEL_1" token="TBSSEL_1" value="1"></bitenum>
<bitenum description="Clock Source: SMCLK" id="TBSSEL_2" token="TBSSEL_2" value="2"></bitenum>
<bitenum description="Clock Source: INCLK" id="TBSSEL_3" token="TBSSEL_3" value="3"></bitenum></bitfield>
<bitfield begin="12" description="Counter lenght 1" end="11" id="CNTL" range="" resetval="0" rwaccess="RW" width="2">
<bitenum description="Counter lenght: 16 bit" id="CNTL_0" token="CNTL_0" value="0"></bitenum>
<bitenum description="Counter lenght: 12 bit" id="CNTL_1" token="CNTL_1" value="1"></bitenum>
<bitenum description="Counter lenght: 10 bit" id="CNTL_2" token="CNTL_2" value="2"></bitenum>
<bitenum description="Counter lenght:  8 bit" id="CNTL_3" token="CNTL_3" value="3"></bitenum></bitfield>
<bitfield begin="14" description="Timer0_B7 Compare latch load group 1" end="13" id="TBCLGRP" range="" resetval="0" rwaccess="RW" width="2">
<bitenum description="Timer0_B7 Group: 0 - individually" id="TBCLGRP_0" token="TBCLGRP_0" value="0"></bitenum>
<bitenum description="Timer0_B7 Group: 1 - 3 groups (1-2" id="TBCLGRP_1" token="TBCLGRP_1" value="1"></bitenum>
<bitenum description="Timer0_B7 Group: 2 - 2 groups (1-3" id="TBCLGRP_2" token="TBCLGRP_2" value="2"></bitenum>
<bitenum description="Timer0_B7 Group: 3 - 1 group (all)" id="TBCLGRP_3" token="TBCLGRP_3" value="3"></bitenum></bitfield></register>
<register acronym="TB0CCTL0" description="Timer0_B7 Capture/Compare Control 0" id="TB0CCTL0" offset=" 0x03C2" width="16">
<bitfield begin="0" description="Capture/compare interrupt flag" end="0" id="CCIFG" range="" resetval="0" rwaccess="RW" width="1"></bitfield>
<bitfield begin="1" description="Capture/compare overflow flag" end="1" id="COV" range="" resetval="0" rwaccess="RW" width="1"></bitfield>
<bitfield begin="2" description="PWM Output signal if output mode 0" end="2" id="OUT" range="" resetval="0" rwaccess="RW" width="1"></bitfield>
<bitfield begin="3" description="Capture input signal (read)" end="3" id="CCI" range="" resetval="0" rwaccess="RW" width="1"></bitfield>
<bitfield begin="4" description="Capture/compare interrupt enable" end="4" id="CCIE" range="" resetval="0" rwaccess="RW" width="1"></bitfield>
<bitfield begin="7" description="Output mode 2" end="5" id="OUTMOD" range="" resetval="0" rwaccess="RW" width="3">
<bitenum description="PWM output mode: 0 - output only" id="OUTMOD_0" token="OUTMOD_0" value="0"></bitenum>
<bitenum description="PWM output mode: 1 - set" id="OUTMOD_1" token="OUTMOD_1" value="1"></bitenum>
<bitenum description="PWM output mode: 2 - PWM toggle/reset" id="OUTMOD_2" token="OUTMOD_2" value="2"></bitenum>
<bitenum description="PWM output mode: 3 - PWM set/reset" id="OUTMOD_3" token="OUTMOD_3" value="3"></bitenum>
<bitenum description="PWM output mode: 4 - toggle" id="OUTMOD_4" token="OUTMOD_4" value="4"></bitenum>
<bitenum description="PWM output mode: 5 - Reset" id="OUTMOD_5" token="OUTMOD_5" value="5"></bitenum>
<bitenum description="PWM output mode: 6 - PWM toggle/set" id="OUTMOD_6" token="OUTMOD_6" value="6"></bitenum>
<bitenum description="PWM output mode: 7 - PWM reset/set" id="OUTMOD_7" token="OUTMOD_7" value="7"></bitenum></bitfield>
<bitfield begin="8" description="Capture mode: 1 /Compare mode : 0" end="8" id="CAP" range="" resetval="0" rwaccess="RW" width="1"></bitfield>
<bitfield begin="10" description="Compare latch load source 1" end="9" id="CLLD" range="" resetval="0" rwaccess="RW" width="2">
<bitenum description="Compare latch load sourec : 0 - immediate" id="CLLD_0" token="CLLD_0" value="0"></bitenum>
<bitenum description="Compare latch load sourec : 1 - TBR counts to 0" id="CLLD_1" token="CLLD_1" value="1"></bitenum>
<bitenum description="Compare latch load sourec : 2 - up/down" id="CLLD_2" token="CLLD_2" value="2"></bitenum>
<bitenum description="Compare latch load sourec : 3 - TBR counts to TBCTL0" id="CLLD_3" token="CLLD_3" value="3"></bitenum></bitfield>
<bitfield begin="11" description="Capture sychronize" end="11" id="SCS" range="" resetval="0" rwaccess="RW" width="1"></bitfield>
<bitfield begin="13" description="Capture input select 1" end="12" id="CCIS" range="" resetval="0" rwaccess="RW" width="2">
<bitenum description="Capture input select: 0 - CCIxA" id="CCIS_0" token="CCIS_0" value="0"></bitenum>
<bitenum description="Capture input select: 1 - CCIxB" id="CCIS_1" token="CCIS_1" value="1"></bitenum>
<bitenum description="Capture input select: 2 - GND" id="CCIS_2" token="CCIS_2" value="2"></bitenum>
<bitenum description="Capture input select: 3 - Vcc" id="CCIS_3" token="CCIS_3" value="3"></bitenum></bitfield>
<bitfield begin="15" description="Capture mode 1" end="14" id="CM" range="" resetval="0" rwaccess="RW" width="2">
<bitenum description="Capture mode: 0 - disabled" id="CM_0" token="CM_0" value="0"></bitenum>
<bitenum description="Capture mode: 1 - pos. edge" id="CM_1" token="CM_1" value="1"></bitenum>
<bitenum description="Capture mode: 1 - neg. edge" id="CM_2" token="CM_2" value="2"></bitenum>
<bitenum description="Capture mode: 1 - both edges" id="CM_3" token="CM_3" value="3"></bitenum></bitfield></register>
<register acronym="TB0CCTL1" description="Timer0_B7 Capture/Compare Control 1" id="TB0CCTL1" offset=" 0x03C4" width="16">
<bitfield begin="0" description="Capture/compare interrupt flag" end="0" id="CCIFG" range="" resetval="0" rwaccess="RW" width="1"></bitfield>
<bitfield begin="1" description="Capture/compare overflow flag" end="1" id="COV" range="" resetval="0" rwaccess="RW" width="1"></bitfield>
<bitfield begin="2" description="PWM Output signal if output mode 0" end="2" id="OUT" range="" resetval="0" rwaccess="RW" width="1"></bitfield>
<bitfield begin="3" description="Capture input signal (read)" end="3" id="CCI" range="" resetval="0" rwaccess="RW" width="1"></bitfield>
<bitfield begin="4" description="Capture/compare interrupt enable" end="4" id="CCIE" range="" resetval="0" rwaccess="RW" width="1"></bitfield>
<bitfield begin="7" description="Output mode 2" end="5" id="OUTMOD" range="" resetval="0" rwaccess="RW" width="3">
<bitenum description="PWM output mode: 0 - output only" id="OUTMOD_0" token="OUTMOD_0" value="0"></bitenum>
<bitenum description="PWM output mode: 1 - set" id="OUTMOD_1" token="OUTMOD_1" value="1"></bitenum>
<bitenum description="PWM output mode: 2 - PWM toggle/reset" id="OUTMOD_2" token="OUTMOD_2" value="2"></bitenum>
<bitenum description="PWM output mode: 3 - PWM set/reset" id="OUTMOD_3" token="OUTMOD_3" value="3"></bitenum>
<bitenum description="PWM output mode: 4 - toggle" id="OUTMOD_4" token="OUTMOD_4" value="4"></bitenum>
<bitenum description="PWM output mode: 5 - Reset" id="OUTMOD_5" token="OUTMOD_5" value="5"></bitenum>
<bitenum description="PWM output mode: 6 - PWM toggle/set" id="OUTMOD_6" token="OUTMOD_6" value="6"></bitenum>
<bitenum description="PWM output mode: 7 - PWM reset/set" id="OUTMOD_7" token="OUTMOD_7" value="7"></bitenum></bitfield>
<bitfield begin="8" description="Capture mode: 1 /Compare mode : 0" end="8" id="CAP" range="" resetval="0" rwaccess="RW" width="1"></bitfield>
<bitfield begin="10" description="Compare latch load source 1" end="9" id="CLLD" range="" resetval="0" rwaccess="RW" width="2">
<bitenum description="Compare latch load sourec : 0 - immediate" id="CLLD_0" token="CLLD_0" value="0"></bitenum>
<bitenum description="Compare latch load sourec : 1 - TBR counts to 0" id="CLLD_1" token="CLLD_1" value="1"></bitenum>
<bitenum description="Compare latch load sourec : 2 - up/down" id="CLLD_2" token="CLLD_2" value="2"></bitenum>
<bitenum description="Compare latch load sourec : 3 - TBR counts to TBCTL0" id="CLLD_3" token="CLLD_3" value="3"></bitenum></bitfield>
<bitfield begin="11" description="Capture sychronize" end="11" id="SCS" range="" resetval="0" rwaccess="RW" width="1"></bitfield>
<bitfield begin="13" description="Capture input select 1" end="12" id="CCIS" range="" resetval="0" rwaccess="RW" width="2">
<bitenum description="Capture input select: 0 - CCIxA" id="CCIS_0" token="CCIS_0" value="0"></bitenum>
<bitenum description="Capture input select: 1 - CCIxB" id="CCIS_1" token="CCIS_1" value="1"></bitenum>
<bitenum description="Capture input select: 2 - GND" id="CCIS_2" token="CCIS_2" value="2"></bitenum>
<bitenum description="Capture input select: 3 - Vcc" id="CCIS_3" token="CCIS_3" value="3"></bitenum></bitfield>
<bitfield begin="15" description="Capture mode 1" end="14" id="CM" range="" resetval="0" rwaccess="RW" width="2">
<bitenum description="Capture mode: 0 - disabled" id="CM_0" token="CM_0" value="0"></bitenum>
<bitenum description="Capture mode: 1 - pos. edge" id="CM_1" token="CM_1" value="1"></bitenum>
<bitenum description="Capture mode: 1 - neg. edge" id="CM_2" token="CM_2" value="2"></bitenum>
<bitenum description="Capture mode: 1 - both edges" id="CM_3" token="CM_3" value="3"></bitenum></bitfield></register>
<register acronym="TB0CCTL2" description="Timer0_B7 Capture/Compare Control 2" id="TB0CCTL2" offset=" 0x03C6" width="16">
<bitfield begin="0" description="Capture/compare interrupt flag" end="0" id="CCIFG" range="" resetval="0" rwaccess="RW" width="1"></bitfield>
<bitfield begin="1" description="Capture/compare overflow flag" end="1" id="COV" range="" resetval="0" rwaccess="RW" width="1"></bitfield>
<bitfield begin="2" description="PWM Output signal if output mode 0" end="2" id="OUT" range="" resetval="0" rwaccess="RW" width="1"></bitfield>
<bitfield begin="3" description="Capture input signal (read)" end="3" id="CCI" range="" resetval="0" rwaccess="RW" width="1"></bitfield>
<bitfield begin="4" description="Capture/compare interrupt enable" end="4" id="CCIE" range="" resetval="0" rwaccess="RW" width="1"></bitfield>
<bitfield begin="7" description="Output mode 2" end="5" id="OUTMOD" range="" resetval="0" rwaccess="RW" width="3">
<bitenum description="PWM output mode: 0 - output only" id="OUTMOD_0" token="OUTMOD_0" value="0"></bitenum>
<bitenum description="PWM output mode: 1 - set" id="OUTMOD_1" token="OUTMOD_1" value="1"></bitenum>
<bitenum description="PWM output mode: 2 - PWM toggle/reset" id="OUTMOD_2" token="OUTMOD_2" value="2"></bitenum>
<bitenum description="PWM output mode: 3 - PWM set/reset" id="OUTMOD_3" token="OUTMOD_3" value="3"></bitenum>
<bitenum description="PWM output mode: 4 - toggle" id="OUTMOD_4" token="OUTMOD_4" value="4"></bitenum>
<bitenum description="PWM output mode: 5 - Reset" id="OUTMOD_5" token="OUTMOD_5" value="5"></bitenum>
<bitenum description="PWM output mode: 6 - PWM toggle/set" id="OUTMOD_6" token="OUTMOD_6" value="6"></bitenum>
<bitenum description="PWM output mode: 7 - PWM reset/set" id="OUTMOD_7" token="OUTMOD_7" value="7"></bitenum></bitfield>
<bitfield begin="8" description="Capture mode: 1 /Compare mode : 0" end="8" id="CAP" range="" resetval="0" rwaccess="RW" width="1"></bitfield>
<bitfield begin="10" description="Compare latch load source 1" end="9" id="CLLD" range="" resetval="0" rwaccess="RW" width="2">
<bitenum description="Compare latch load sourec : 0 - immediate" id="CLLD_0" token="CLLD_0" value="0"></bitenum>
<bitenum description="Compare latch load sourec : 1 - TBR counts to 0" id="CLLD_1" token="CLLD_1" value="1"></bitenum>
<bitenum description="Compare latch load sourec : 2 - up/down" id="CLLD_2" token="CLLD_2" value="2"></bitenum>
<bitenum description="Compare latch load sourec : 3 - TBR counts to TBCTL0" id="CLLD_3" token="CLLD_3" value="3"></bitenum></bitfield>
<bitfield begin="11" description="Capture sychronize" end="11" id="SCS" range="" resetval="0" rwaccess="RW" width="1"></bitfield>
<bitfield begin="13" description="Capture input select 1" end="12" id="CCIS" range="" resetval="0" rwaccess="RW" width="2">
<bitenum description="Capture input select: 0 - CCIxA" id="CCIS_0" token="CCIS_0" value="0"></bitenum>
<bitenum description="Capture input select: 1 - CCIxB" id="CCIS_1" token="CCIS_1" value="1"></bitenum>
<bitenum description="Capture input select: 2 - GND" id="CCIS_2" token="CCIS_2" value="2"></bitenum>
<bitenum description="Capture input select: 3 - Vcc" id="CCIS_3" token="CCIS_3" value="3"></bitenum></bitfield>
<bitfield begin="15" description="Capture mode 1" end="14" id="CM" range="" resetval="0" rwaccess="RW" width="2">
<bitenum description="Capture mode: 0 - disabled" id="CM_0" token="CM_0" value="0"></bitenum>
<bitenum description="Capture mode: 1 - pos. edge" id="CM_1" token="CM_1" value="1"></bitenum>
<bitenum description="Capture mode: 1 - neg. edge" id="CM_2" token="CM_2" value="2"></bitenum>
<bitenum description="Capture mode: 1 - both edges" id="CM_3" token="CM_3" value="3"></bitenum></bitfield></register>
<register acronym="TB0CCTL3" description="Timer0_B7 Capture/Compare Control 3" id="TB0CCTL3" offset=" 0x03C8" width="16">
<bitfield begin="0" description="Capture/compare interrupt flag" end="0" id="CCIFG" range="" resetval="0" rwaccess="RW" width="1"></bitfield>
<bitfield begin="1" description="Capture/compare overflow flag" end="1" id="COV" range="" resetval="0" rwaccess="RW" width="1"></bitfield>
<bitfield begin="2" description="PWM Output signal if output mode 0" end="2" id="OUT" range="" resetval="0" rwaccess="RW" width="1"></bitfield>
<bitfield begin="3" description="Capture input signal (read)" end="3" id="CCI" range="" resetval="0" rwaccess="RW" width="1"></bitfield>
<bitfield begin="4" description="Capture/compare interrupt enable" end="4" id="CCIE" range="" resetval="0" rwaccess="RW" width="1"></bitfield>
<bitfield begin="7" description="Output mode 2" end="5" id="OUTMOD" range="" resetval="0" rwaccess="RW" width="3">
<bitenum description="PWM output mode: 0 - output only" id="OUTMOD_0" token="OUTMOD_0" value="0"></bitenum>
<bitenum description="PWM output mode: 1 - set" id="OUTMOD_1" token="OUTMOD_1" value="1"></bitenum>
<bitenum description="PWM output mode: 2 - PWM toggle/reset" id="OUTMOD_2" token="OUTMOD_2" value="2"></bitenum>
<bitenum description="PWM output mode: 3 - PWM set/reset" id="OUTMOD_3" token="OUTMOD_3" value="3"></bitenum>
<bitenum description="PWM output mode: 4 - toggle" id="OUTMOD_4" token="OUTMOD_4" value="4"></bitenum>
<bitenum description="PWM output mode: 5 - Reset" id="OUTMOD_5" token="OUTMOD_5" value="5"></bitenum>
<bitenum description="PWM output mode: 6 - PWM toggle/set" id="OUTMOD_6" token="OUTMOD_6" value="6"></bitenum>
<bitenum description="PWM output mode: 7 - PWM reset/set" id="OUTMOD_7" token="OUTMOD_7" value="7"></bitenum></bitfield>
<bitfield begin="8" description="Capture mode: 1 /Compare mode : 0" end="8" id="CAP" range="" resetval="0" rwaccess="RW" width="1"></bitfield>
<bitfield begin="10" description="Compare latch load source 1" end="9" id="CLLD" range="" resetval="0" rwaccess="RW" width="2">
<bitenum description="Compare latch load sourec : 0 - immediate" id="CLLD_0" token="CLLD_0" value="0"></bitenum>
<bitenum description="Compare latch load sourec : 1 - TBR counts to 0" id="CLLD_1" token="CLLD_1" value="1"></bitenum>
<bitenum description="Compare latch load sourec : 2 - up/down" id="CLLD_2" token="CLLD_2" value="2"></bitenum>
<bitenum description="Compare latch load sourec : 3 - TBR counts to TBCTL0" id="CLLD_3" token="CLLD_3" value="3"></bitenum></bitfield>
<bitfield begin="11" description="Capture sychronize" end="11" id="SCS" range="" resetval="0" rwaccess="RW" width="1"></bitfield>
<bitfield begin="13" description="Capture input select 1" end="12" id="CCIS" range="" resetval="0" rwaccess="RW" width="2">
<bitenum description="Capture input select: 0 - CCIxA" id="CCIS_0" token="CCIS_0" value="0"></bitenum>
<bitenum description="Capture input select: 1 - CCIxB" id="CCIS_1" token="CCIS_1" value="1"></bitenum>
<bitenum description="Capture input select: 2 - GND" id="CCIS_2" token="CCIS_2" value="2"></bitenum>
<bitenum description="Capture input select: 3 - Vcc" id="CCIS_3" token="CCIS_3" value="3"></bitenum></bitfield>
<bitfield begin="15" description="Capture mode 1" end="14" id="CM" range="" resetval="0" rwaccess="RW" width="2">
<bitenum description="Capture mode: 0 - disabled" id="CM_0" token="CM_0" value="0"></bitenum>
<bitenum description="Capture mode: 1 - pos. edge" id="CM_1" token="CM_1" value="1"></bitenum>
<bitenum description="Capture mode: 1 - neg. edge" id="CM_2" token="CM_2" value="2"></bitenum>
<bitenum description="Capture mode: 1 - both edges" id="CM_3" token="CM_3" value="3"></bitenum></bitfield></register>
<register acronym="TB0CCTL4" description="Timer0_B7 Capture/Compare Control 4" id="TB0CCTL4" offset=" 0x03CA" width="16">
<bitfield begin="0" description="Capture/compare interrupt flag" end="0" id="CCIFG" range="" resetval="0" rwaccess="RW" width="1"></bitfield>
<bitfield begin="1" description="Capture/compare overflow flag" end="1" id="COV" range="" resetval="0" rwaccess="RW" width="1"></bitfield>
<bitfield begin="2" description="PWM Output signal if output mode 0" end="2" id="OUT" range="" resetval="0" rwaccess="RW" width="1"></bitfield>
<bitfield begin="3" description="Capture input signal (read)" end="3" id="CCI" range="" resetval="0" rwaccess="RW" width="1"></bitfield>
<bitfield begin="4" description="Capture/compare interrupt enable" end="4" id="CCIE" range="" resetval="0" rwaccess="RW" width="1"></bitfield>
<bitfield begin="7" description="Output mode 2" end="5" id="OUTMOD" range="" resetval="0" rwaccess="RW" width="3">
<bitenum description="PWM output mode: 0 - output only" id="OUTMOD_0" token="OUTMOD_0" value="0"></bitenum>
<bitenum description="PWM output mode: 1 - set" id="OUTMOD_1" token="OUTMOD_1" value="1"></bitenum>
<bitenum description="PWM output mode: 2 - PWM toggle/reset" id="OUTMOD_2" token="OUTMOD_2" value="2"></bitenum>
<bitenum description="PWM output mode: 3 - PWM set/reset" id="OUTMOD_3" token="OUTMOD_3" value="3"></bitenum>
<bitenum description="PWM output mode: 4 - toggle" id="OUTMOD_4" token="OUTMOD_4" value="4"></bitenum>
<bitenum description="PWM output mode: 5 - Reset" id="OUTMOD_5" token="OUTMOD_5" value="5"></bitenum>
<bitenum description="PWM output mode: 6 - PWM toggle/set" id="OUTMOD_6" token="OUTMOD_6" value="6"></bitenum>
<bitenum description="PWM output mode: 7 - PWM reset/set" id="OUTMOD_7" token="OUTMOD_7" value="7"></bitenum></bitfield>
<bitfield begin="8" description="Capture mode: 1 /Compare mode : 0" end="8" id="CAP" range="" resetval="0" rwaccess="RW" width="1"></bitfield>
<bitfield begin="10" description="Compare latch load source 1" end="9" id="CLLD" range="" resetval="0" rwaccess="RW" width="2">
<bitenum description="Compare latch load sourec : 0 - immediate" id="CLLD_0" token="CLLD_0" value="0"></bitenum>
<bitenum description="Compare latch load sourec : 1 - TBR counts to 0" id="CLLD_1" token="CLLD_1" value="1"></bitenum>
<bitenum description="Compare latch load sourec : 2 - up/down" id="CLLD_2" token="CLLD_2" value="2"></bitenum>
<bitenum description="Compare latch load sourec : 3 - TBR counts to TBCTL0" id="CLLD_3" token="CLLD_3" value="3"></bitenum></bitfield>
<bitfield begin="11" description="Capture sychronize" end="11" id="SCS" range="" resetval="0" rwaccess="RW" width="1"></bitfield>
<bitfield begin="13" description="Capture input select 1" end="12" id="CCIS" range="" resetval="0" rwaccess="RW" width="2">
<bitenum description="Capture input select: 0 - CCIxA" id="CCIS_0" token="CCIS_0" value="0"></bitenum>
<bitenum description="Capture input select: 1 - CCIxB" id="CCIS_1" token="CCIS_1" value="1"></bitenum>
<bitenum description="Capture input select: 2 - GND" id="CCIS_2" token="CCIS_2" value="2"></bitenum>
<bitenum description="Capture input select: 3 - Vcc" id="CCIS_3" token="CCIS_3" value="3"></bitenum></bitfield>
<bitfield begin="15" description="Capture mode 1" end="14" id="CM" range="" resetval="0" rwaccess="RW" width="2">
<bitenum description="Capture mode: 0 - disabled" id="CM_0" token="CM_0" value="0"></bitenum>
<bitenum description="Capture mode: 1 - pos. edge" id="CM_1" token="CM_1" value="1"></bitenum>
<bitenum description="Capture mode: 1 - neg. edge" id="CM_2" token="CM_2" value="2"></bitenum>
<bitenum description="Capture mode: 1 - both edges" id="CM_3" token="CM_3" value="3"></bitenum></bitfield></register>
<register acronym="TB0CCTL5" description="Timer0_B7 Capture/Compare Control 5" id="TB0CCTL5" offset=" 0x03CC" width="16">
<bitfield begin="0" description="Capture/compare interrupt flag" end="0" id="CCIFG" range="" resetval="0" rwaccess="RW" width="1"></bitfield>
<bitfield begin="1" description="Capture/compare overflow flag" end="1" id="COV" range="" resetval="0" rwaccess="RW" width="1"></bitfield>
<bitfield begin="2" description="PWM Output signal if output mode 0" end="2" id="OUT" range="" resetval="0" rwaccess="RW" width="1"></bitfield>
<bitfield begin="3" description="Capture input signal (read)" end="3" id="CCI" range="" resetval="0" rwaccess="RW" width="1"></bitfield>
<bitfield begin="4" description="Capture/compare interrupt enable" end="4" id="CCIE" range="" resetval="0" rwaccess="RW" width="1"></bitfield>
<bitfield begin="7" description="Output mode 2" end="5" id="OUTMOD" range="" resetval="0" rwaccess="RW" width="3">
<bitenum description="PWM output mode: 0 - output only" id="OUTMOD_0" token="OUTMOD_0" value="0"></bitenum>
<bitenum description="PWM output mode: 1 - set" id="OUTMOD_1" token="OUTMOD_1" value="1"></bitenum>
<bitenum description="PWM output mode: 2 - PWM toggle/reset" id="OUTMOD_2" token="OUTMOD_2" value="2"></bitenum>
<bitenum description="PWM output mode: 3 - PWM set/reset" id="OUTMOD_3" token="OUTMOD_3" value="3"></bitenum>
<bitenum description="PWM output mode: 4 - toggle" id="OUTMOD_4" token="OUTMOD_4" value="4"></bitenum>
<bitenum description="PWM output mode: 5 - Reset" id="OUTMOD_5" token="OUTMOD_5" value="5"></bitenum>
<bitenum description="PWM output mode: 6 - PWM toggle/set" id="OUTMOD_6" token="OUTMOD_6" value="6"></bitenum>
<bitenum description="PWM output mode: 7 - PWM reset/set" id="OUTMOD_7" token="OUTMOD_7" value="7"></bitenum></bitfield>
<bitfield begin="8" description="Capture mode: 1 /Compare mode : 0" end="8" id="CAP" range="" resetval="0" rwaccess="RW" width="1"></bitfield>
<bitfield begin="10" description="Compare latch load source 1" end="9" id="CLLD" range="" resetval="0" rwaccess="RW" width="2">
<bitenum description="Compare latch load sourec : 0 - immediate" id="CLLD_0" token="CLLD_0" value="0"></bitenum>
<bitenum description="Compare latch load sourec : 1 - TBR counts to 0" id="CLLD_1" token="CLLD_1" value="1"></bitenum>
<bitenum description="Compare latch load sourec : 2 - up/down" id="CLLD_2" token="CLLD_2" value="2"></bitenum>
<bitenum description="Compare latch load sourec : 3 - TBR counts to TBCTL0" id="CLLD_3" token="CLLD_3" value="3"></bitenum></bitfield>
<bitfield begin="11" description="Capture sychronize" end="11" id="SCS" range="" resetval="0" rwaccess="RW" width="1"></bitfield>
<bitfield begin="13" description="Capture input select 1" end="12" id="CCIS" range="" resetval="0" rwaccess="RW" width="2">
<bitenum description="Capture input select: 0 - CCIxA" id="CCIS_0" token="CCIS_0" value="0"></bitenum>
<bitenum description="Capture input select: 1 - CCIxB" id="CCIS_1" token="CCIS_1" value="1"></bitenum>
<bitenum description="Capture input select: 2 - GND" id="CCIS_2" token="CCIS_2" value="2"></bitenum>
<bitenum description="Capture input select: 3 - Vcc" id="CCIS_3" token="CCIS_3" value="3"></bitenum></bitfield>
<bitfield begin="15" description="Capture mode 1" end="14" id="CM" range="" resetval="0" rwaccess="RW" width="2">
<bitenum description="Capture mode: 0 - disabled" id="CM_0" token="CM_0" value="0"></bitenum>
<bitenum description="Capture mode: 1 - pos. edge" id="CM_1" token="CM_1" value="1"></bitenum>
<bitenum description="Capture mode: 1 - neg. edge" id="CM_2" token="CM_2" value="2"></bitenum>
<bitenum description="Capture mode: 1 - both edges" id="CM_3" token="CM_3" value="3"></bitenum></bitfield></register>
<register acronym="TB0CCTL6" description="Timer0_B7 Capture/Compare Control 6" id="TB0CCTL6" offset=" 0x03CE" width="16">
<bitfield begin="0" description="Capture/compare interrupt flag" end="0" id="CCIFG" range="" resetval="0" rwaccess="RW" width="1"></bitfield>
<bitfield begin="1" description="Capture/compare overflow flag" end="1" id="COV" range="" resetval="0" rwaccess="RW" width="1"></bitfield>
<bitfield begin="2" description="PWM Output signal if output mode 0" end="2" id="OUT" range="" resetval="0" rwaccess="RW" width="1"></bitfield>
<bitfield begin="3" description="Capture input signal (read)" end="3" id="CCI" range="" resetval="0" rwaccess="RW" width="1"></bitfield>
<bitfield begin="4" description="Capture/compare interrupt enable" end="4" id="CCIE" range="" resetval="0" rwaccess="RW" width="1"></bitfield>
<bitfield begin="7" description="Output mode 2" end="5" id="OUTMOD" range="" resetval="0" rwaccess="RW" width="3">
<bitenum description="PWM output mode: 0 - output only" id="OUTMOD_0" token="OUTMOD_0" value="0"></bitenum>
<bitenum description="PWM output mode: 1 - set" id="OUTMOD_1" token="OUTMOD_1" value="1"></bitenum>
<bitenum description="PWM output mode: 2 - PWM toggle/reset" id="OUTMOD_2" token="OUTMOD_2" value="2"></bitenum>
<bitenum description="PWM output mode: 3 - PWM set/reset" id="OUTMOD_3" token="OUTMOD_3" value="3"></bitenum>
<bitenum description="PWM output mode: 4 - toggle" id="OUTMOD_4" token="OUTMOD_4" value="4"></bitenum>
<bitenum description="PWM output mode: 5 - Reset" id="OUTMOD_5" token="OUTMOD_5" value="5"></bitenum>
<bitenum description="PWM output mode: 6 - PWM toggle/set" id="OUTMOD_6" token="OUTMOD_6" value="6"></bitenum>
<bitenum description="PWM output mode: 7 - PWM reset/set" id="OUTMOD_7" token="OUTMOD_7" value="7"></bitenum></bitfield>
<bitfield begin="8" description="Capture mode: 1 /Compare mode : 0" end="8" id="CAP" range="" resetval="0" rwaccess="RW" width="1"></bitfield>
<bitfield begin="10" description="Compare latch load source 1" end="9" id="CLLD" range="" resetval="0" rwaccess="RW" width="2">
<bitenum description="Compare latch load sourec : 0 - immediate" id="CLLD_0" token="CLLD_0" value="0"></bitenum>
<bitenum description="Compare latch load sourec : 1 - TBR counts to 0" id="CLLD_1" token="CLLD_1" value="1"></bitenum>
<bitenum description="Compare latch load sourec : 2 - up/down" id="CLLD_2" token="CLLD_2" value="2"></bitenum>
<bitenum description="Compare latch load sourec : 3 - TBR counts to TBCTL0" id="CLLD_3" token="CLLD_3" value="3"></bitenum></bitfield>
<bitfield begin="11" description="Capture sychronize" end="11" id="SCS" range="" resetval="0" rwaccess="RW" width="1"></bitfield>
<bitfield begin="13" description="Capture input select 1" end="12" id="CCIS" range="" resetval="0" rwaccess="RW" width="2">
<bitenum description="Capture input select: 0 - CCIxA" id="CCIS_0" token="CCIS_0" value="0"></bitenum>
<bitenum description="Capture input select: 1 - CCIxB" id="CCIS_1" token="CCIS_1" value="1"></bitenum>
<bitenum description="Capture input select: 2 - GND" id="CCIS_2" token="CCIS_2" value="2"></bitenum>
<bitenum description="Capture input select: 3 - Vcc" id="CCIS_3" token="CCIS_3" value="3"></bitenum></bitfield>
<bitfield begin="15" description="Capture mode 1" end="14" id="CM" range="" resetval="0" rwaccess="RW" width="2">
<bitenum description="Capture mode: 0 - disabled" id="CM_0" token="CM_0" value="0"></bitenum>
<bitenum description="Capture mode: 1 - pos. edge" id="CM_1" token="CM_1" value="1"></bitenum>
<bitenum description="Capture mode: 1 - neg. edge" id="CM_2" token="CM_2" value="2"></bitenum>
<bitenum description="Capture mode: 1 - both edges" id="CM_3" token="CM_3" value="3"></bitenum></bitfield></register>
<register acronym="TB0R" description="Timer0_B7" id="TB0R" offset=" 0x03D0" width="16"></register>
<register acronym="TB0CCR0" description="Timer0_B7 Capture/Compare 0" id="TB0CCR0" offset=" 0x03D2" width="16"></register>
<register acronym="TB0CCR1" description="Timer0_B7 Capture/Compare 1" id="TB0CCR1" offset=" 0x03D4" width="16"></register>
<register acronym="TB0CCR2" description="Timer0_B7 Capture/Compare 2" id="TB0CCR2" offset=" 0x03D6" width="16"></register>
<register acronym="TB0CCR3" description="Timer0_B7 Capture/Compare 3" id="TB0CCR3" offset=" 0x03D8" width="16"></register>
<register acronym="TB0CCR4" description="Timer0_B7 Capture/Compare 4" id="TB0CCR4" offset=" 0x03DA" width="16"></register>
<register acronym="TB0CCR5" description="Timer0_B7 Capture/Compare 5" id="TB0CCR5" offset=" 0x03DC" width="16"></register>
<register acronym="TB0CCR6" description="Timer0_B7 Capture/Compare 6" id="TB0CCR6" offset=" 0x03DE" width="16"></register>
<register acronym="TB0EX0" description="Timer0_B7 Expansion Register 0" id="TB0EX0" offset=" 0x03E0" width="16">
<bitfield begin="2" description="Timer0_B7 Input divider expansion Bit: 0" end="0" id="TBIDEX" range="" resetval="0" rwaccess="RW" width="3">
<bitenum description="Timer0_B7 Input divider expansion : /1" id="TBIDEX_0" token="TBIDEX_0" value="0"></bitenum>
<bitenum description="Timer0_B7 Input divider expansion : /2" id="TBIDEX_1" token="TBIDEX_1" value="1"></bitenum>
<bitenum description="Timer0_B7 Input divider expansion : /3" id="TBIDEX_2" token="TBIDEX_2" value="2"></bitenum>
<bitenum description="Timer0_B7 Input divider expansion : /4" id="TBIDEX_3" token="TBIDEX_3" value="3"></bitenum>
<bitenum description="Timer0_B7 Input divider expansion : /5" id="TBIDEX_4" token="TBIDEX_4" value="4"></bitenum>
<bitenum description="Timer0_B7 Input divider expansion : /6" id="TBIDEX_5" token="TBIDEX_5" value="5"></bitenum>
<bitenum description="Timer0_B7 Input divider expansion : /7" id="TBIDEX_6" token="TBIDEX_6" value="6"></bitenum>
<bitenum description="Timer0_B7 Input divider expansion : /8" id="TBIDEX_7" token="TBIDEX_7" value="7"></bitenum></bitfield></register>
<register acronym="TB0IV" description="Timer0_B7 Interrupt Vector Word" id="TB0IV" offset=" 0x03EE" width="16"></register>
</module>