<module HW_revision="" XML_version="1" description="USCI_A0  UART Mode" id="USCI_A0  UART Mode">
<register acronym="UCA0CTLW0" description="USCI A0 Control Word Register 0" id="UCA0CTLW0" offset=" 0x05C0" width="16">
<bitfield begin="0" description="USCI Software Reset" end="0" id="UCSWRST" range="" resetval="0" rwaccess="RW" width="1"></bitfield>
<bitfield begin="1" description="Send next Data as Break" end="1" id="UCTXBRK" range="" resetval="0" rwaccess="RW" width="1"></bitfield>
<bitfield begin="2" description="Send next Data as Address" end="2" id="UCTXADDR" range="" resetval="0" rwaccess="RW" width="1"></bitfield>
<bitfield begin="3" description="Dormant (Sleep) Mode" end="3" id="UCDORM" range="" resetval="0" rwaccess="RW" width="1"></bitfield>
<bitfield begin="4" description="Break interrupt enable" end="4" id="UCBRKIE" range="" resetval="0" rwaccess="RW" width="1"></bitfield>
<bitfield begin="5" description="RX Error interrupt enable" end="5" id="UCRXEIE" range="" resetval="0" rwaccess="RW" width="1"></bitfield>
<bitfield begin="7" description="USCI 0 Clock Source Select 1" end="6" id="UCSSEL" range="" resetval="0" rwaccess="RW" width="2">
<bitenum description="USCI 0 Clock Source: 0" id="UCSSEL_0" token="UCSSEL_0" value="0"></bitenum>
<bitenum description="USCI 0 Clock Source: 1" id="UCSSEL_1" token="UCSSEL_1" value="1"></bitenum>
<bitenum description="USCI 0 Clock Source: 2" id="UCSSEL_2" token="UCSSEL_2" value="2"></bitenum>
<bitenum description="USCI 0 Clock Source: 3" id="UCSSEL_3" token="UCSSEL_3" value="3"></bitenum></bitfield>
<bitfield begin="8" description="Sync-Mode  0:UART-Mode / 1:SPI-Mode" end="8" id="UCSYNC" range="" resetval="0" rwaccess="RW" width="1"></bitfield>
<bitfield begin="10" description="Async. Mode: USCI Mode 1" end="9" id="UCMODE" range="" resetval="0" rwaccess="RW" width="2">
<bitenum description="Sync. Mode: USCI Mode: 0" id="UCMODE_0" token="UCMODE_0" value="0"></bitenum>
<bitenum description="Sync. Mode: USCI Mode: 1" id="UCMODE_1" token="UCMODE_1" value="1"></bitenum>
<bitenum description="Sync. Mode: USCI Mode: 2" id="UCMODE_2" token="UCMODE_2" value="2"></bitenum>
<bitenum description="Sync. Mode: USCI Mode: 3" id="UCMODE_3" token="UCMODE_3" value="3"></bitenum></bitfield>
<bitfield begin="11" description="Async. Mode: Stop Bits  0:one / 1: two" end="11" id="UCSPB" range="" resetval="0" rwaccess="RW" width="1"></bitfield>
<bitfield begin="12" description="Async. Mode: Data Bits  0:8-bits / 1:7-bits" end="12" id="UC7BIT" range="" resetval="0" rwaccess="RW" width="1"></bitfield>
<bitfield begin="13" description="Async. Mode: MSB first  0:LSB / 1:MSB" end="13" id="UCMSB" range="" resetval="0" rwaccess="RW" width="1"></bitfield>
<bitfield begin="14" description="Async. Mode: Parity     0:odd / 1:even" end="14" id="UCPAR" range="" resetval="0" rwaccess="RW" width="1"></bitfield>
<bitfield begin="15" description="Async. Mode: Parity enable" end="15" id="UCPEN" range="" resetval="0" rwaccess="RW" width="1"></bitfield></register>
<register acronym="UCA0CTL0" description="USCI A0 Control Register 0" id="UCA0CTL0" offset=" 0x05C1" width="8"></register>
<register acronym="UCA0CTL1" description="USCI A0 Control Register 1" id="UCA0CTL1" offset=" 0x05C0" width="8"></register>
<register acronym="UCA0CTLW1" description="USCI A0 Control Word Register 1" id="UCA0CTLW1" offset=" 0x05C2" width="16">
<bitfield begin="1" description="USCI Deglitch Time Bit 1" end="0" id="UCGLIT" range="" resetval="0" rwaccess="RW" width="2">
<bitenum description="USCI Deglitch time: 0" id="UCGLIT_0" token="UCGLIT_0" value="0"></bitenum>
<bitenum description="USCI Deglitch time: 1" id="UCGLIT_1" token="UCGLIT_1" value="1"></bitenum>
<bitenum description="USCI Deglitch time: 2" id="UCGLIT_2" token="UCGLIT_2" value="2"></bitenum>
<bitenum description="USCI Deglitch time: 3" id="UCGLIT_3" token="UCGLIT_3" value="3"></bitenum></bitfield></register>
<register acronym="UCA0BRW" description="USCI A0 Baud Word Rate 0" id="UCA0BRW" offset=" 0x05C6" width="16"></register>
<register acronym="UCA0BR0" description="USCI A0 Baud Rate 0" id="UCA0BR0" offset=" 0x05C6" width="8"></register>
<register acronym="UCA0BR1" description="USCI A0 Baud Rate 1" id="UCA0BR1" offset=" 0x05C7" width="8"></register>
<register acronym="UCA0MCTLW" description="USCI A0 Modulation Control" id="UCA0MCTLW" offset=" 0x05C8" width="16">
<bitfield begin="0" description="USCI 16-times Oversampling enable" end="0" id="UCOS16" range="" resetval="0" rwaccess="RW" width="1"></bitfield>
<bitfield begin="7" description="USCI First Stage Modulation Select 3" end="4" id="UCBRF" range="" resetval="0" rwaccess="RW" width="4">
<bitenum description="USCI First Stage Modulation: 0" id="UCBRF_0" token="UCBRF_0" value="0"></bitenum>
<bitenum description="USCI First Stage Modulation: 1" id="UCBRF_1" token="UCBRF_1" value="1"></bitenum>
<bitenum description="USCI First Stage Modulation: 2" id="UCBRF_2" token="UCBRF_2" value="2"></bitenum>
<bitenum description="USCI First Stage Modulation: 3" id="UCBRF_3" token="UCBRF_3" value="3"></bitenum>
<bitenum description="USCI First Stage Modulation: 4" id="UCBRF_4" token="UCBRF_4" value="4"></bitenum>
<bitenum description="USCI First Stage Modulation: 5" id="UCBRF_5" token="UCBRF_5" value="5"></bitenum>
<bitenum description="USCI First Stage Modulation: 6" id="UCBRF_6" token="UCBRF_6" value="6"></bitenum>
<bitenum description="USCI First Stage Modulation: 7" id="UCBRF_7" token="UCBRF_7" value="7"></bitenum>
<bitenum description="USCI First Stage Modulation: 8" id="UCBRF_8" token="UCBRF_8" value="8"></bitenum>
<bitenum description="USCI First Stage Modulation: 9" id="UCBRF_9" token="UCBRF_9" value="9"></bitenum>
<bitenum description="USCI First Stage Modulation: A" id="UCBRF_10" token="UCBRF_10" value="10"></bitenum>
<bitenum description="USCI First Stage Modulation: B" id="UCBRF_11" token="UCBRF_11" value="11"></bitenum>
<bitenum description="USCI First Stage Modulation: C" id="UCBRF_12" token="UCBRF_12" value="12"></bitenum>
<bitenum description="USCI First Stage Modulation: D" id="UCBRF_13" token="UCBRF_13" value="13"></bitenum>
<bitenum description="USCI First Stage Modulation: E" id="UCBRF_14" token="UCBRF_14" value="14"></bitenum>
<bitenum description="USCI First Stage Modulation: F" id="UCBRF_15" token="UCBRF_15" value="15"></bitenum></bitfield>
<bitfield begin="8" description="USCI Second Stage Modulation Select 0" end="8" id="UCBRS0" range="" resetval="0" rwaccess="RW" width="1"></bitfield>
<bitfield begin="9" description="USCI Second Stage Modulation Select 1" end="9" id="UCBRS1" range="" resetval="0" rwaccess="RW" width="1"></bitfield>
<bitfield begin="10" description="USCI Second Stage Modulation Select 2" end="10" id="UCBRS2" range="" resetval="0" rwaccess="RW" width="1"></bitfield>
<bitfield begin="11" description="USCI Second Stage Modulation Select 3" end="11" id="UCBRS3" range="" resetval="0" rwaccess="RW" width="1"></bitfield>
<bitfield begin="12" description="USCI Second Stage Modulation Select 4" end="12" id="UCBRS4" range="" resetval="0" rwaccess="RW" width="1"></bitfield>
<bitfield begin="13" description="USCI Second Stage Modulation Select 5" end="13" id="UCBRS5" range="" resetval="0" rwaccess="RW" width="1"></bitfield>
<bitfield begin="14" description="USCI Second Stage Modulation Select 6" end="14" id="UCBRS6" range="" resetval="0" rwaccess="RW" width="1"></bitfield>
<bitfield begin="15" description="USCI Second Stage Modulation Select 7" end="15" id="UCBRS7" range="" resetval="0" rwaccess="RW" width="1"></bitfield></register>
<register acronym="UCA0STATW" description="USCI A0 Status Register" id="UCA0STATW" offset=" 0x05CA" width="8">
<bitfield begin="0" description="USCI Busy Flag" end="0" id="UCBUSY" range="" resetval="0" rwaccess="RW" width="1"></bitfield>
<bitfield begin="1" description="USCI Address received Flag" end="1" id="UCADDR" range="" resetval="0" rwaccess="RW" width="1"></bitfield>
<bitfield begin="2" description="USCI RX Error Flag" end="2" id="UCRXERR" range="" resetval="0" rwaccess="RW" width="1"></bitfield>
<bitfield begin="3" description="USCI Break received" end="3" id="UCBRK" range="" resetval="0" rwaccess="RW" width="1"></bitfield>
<bitfield begin="4" description="USCI Parity Error Flag" end="4" id="UCPE" range="" resetval="0" rwaccess="RW" width="1"></bitfield>
<bitfield begin="5" description="USCI Overrun Error Flag" end="5" id="UCOE" range="" resetval="0" rwaccess="RW" width="1"></bitfield>
<bitfield begin="6" description="USCI Frame Error Flag" end="6" id="UCFE" range="" resetval="0" rwaccess="RW" width="1"></bitfield>
<bitfield begin="7" description="USCI Listen mode" end="7" id="UCLISTEN" range="" resetval="0" rwaccess="RW" width="1"></bitfield></register>
<register acronym="UCA0RXBUF" description="USCI A0 Receive Buffer" id="UCA0RXBUF" offset=" 0x05CC" width="16"></register>
<register acronym="UCA0TXBUF" description="USCI A0 Transmit Buffer" id="UCA0TXBUF" offset=" 0x05CE" width="16"></register>
<register acronym="UCA0ABCTL" description="USCI A0 LIN Control" id="UCA0ABCTL" offset=" 0x05D0" width="8">
<bitfield begin="0" description="Auto Baud Rate detect enable" end="0" id="UCABDEN" range="" resetval="0" rwaccess="RW" width="1"></bitfield>
<bitfield begin="2" description="Break Timeout error" end="2" id="UCBTOE" range="" resetval="0" rwaccess="RW" width="1"></bitfield>
<bitfield begin="3" description="Sync-Field Timeout error" end="3" id="UCSTOE" range="" resetval="0" rwaccess="RW" width="1"></bitfield>
<bitfield begin="4" description="Break Sync Delimiter 0" end="4" id="UCDELIM0" range="" resetval="0" rwaccess="RW" width="1"></bitfield>
<bitfield begin="5" description="Break Sync Delimiter 1" end="5" id="UCDELIM1" range="" resetval="0" rwaccess="RW" width="1"></bitfield></register>
<register acronym="UCA0IRCTL" description="USCI A0 IrDA Transmit Control" id="UCA0IRCTL" offset=" 0x05D2" width="16">
<bitfield begin="0" description="IRDA Encoder/Decoder enable" end="0" id="UCIREN" range="" resetval="0" rwaccess="RW" width="1"></bitfield>
<bitfield begin="1" description="IRDA Transmit Pulse Clock Select" end="1" id="UCIRTXCLK" range="" resetval="0" rwaccess="RW" width="1"></bitfield>
<bitfield begin="2" description="IRDA Transmit Pulse Length 0" end="2" id="UCIRTXPL0" range="" resetval="0" rwaccess="RW" width="1"></bitfield>
<bitfield begin="3" description="IRDA Transmit Pulse Length 1" end="3" id="UCIRTXPL1" range="" resetval="0" rwaccess="RW" width="1"></bitfield>
<bitfield begin="4" description="IRDA Transmit Pulse Length 2" end="4" id="UCIRTXPL2" range="" resetval="0" rwaccess="RW" width="1"></bitfield>
<bitfield begin="5" description="IRDA Transmit Pulse Length 3" end="5" id="UCIRTXPL3" range="" resetval="0" rwaccess="RW" width="1"></bitfield>
<bitfield begin="6" description="IRDA Transmit Pulse Length 4" end="6" id="UCIRTXPL4" range="" resetval="0" rwaccess="RW" width="1"></bitfield>
<bitfield begin="7" description="IRDA Transmit Pulse Length 5" end="7" id="UCIRTXPL5" range="" resetval="0" rwaccess="RW" width="1"></bitfield>
<bitfield begin="8" description="IRDA Receive Filter enable" end="8" id="UCIRRXFE" range="" resetval="0" rwaccess="RW" width="1"></bitfield>
<bitfield begin="9" description="IRDA Receive Input Polarity" end="9" id="UCIRRXPL" range="" resetval="0" rwaccess="RW" width="1"></bitfield>
<bitfield begin="10" description="IRDA Receive Filter Length 0" end="10" id="UCIRRXFL0" range="" resetval="0" rwaccess="RW" width="1"></bitfield>
<bitfield begin="11" description="IRDA Receive Filter Length 1" end="11" id="UCIRRXFL1" range="" resetval="0" rwaccess="RW" width="1"></bitfield>
<bitfield begin="12" description="IRDA Receive Filter Length 2" end="12" id="UCIRRXFL2" range="" resetval="0" rwaccess="RW" width="1"></bitfield>
<bitfield begin="13" description="IRDA Receive Filter Length 3" end="13" id="UCIRRXFL3" range="" resetval="0" rwaccess="RW" width="1"></bitfield>
<bitfield begin="14" description="IRDA Receive Filter Length 4" end="14" id="UCIRRXFL4" range="" resetval="0" rwaccess="RW" width="1"></bitfield>
<bitfield begin="15" description="IRDA Receive Filter Length 5" end="15" id="UCIRRXFL5" range="" resetval="0" rwaccess="RW" width="1"></bitfield></register>
<register acronym="UCA0IRTCTL" description="USCI A0 IrDA Transmit Control" id="UCA0IRTCTL" offset=" 0x05D2" width="8"></register>
<register acronym="UCA0IRRCTL" description="USCI A0 IrDA Receive Control" id="UCA0IRRCTL" offset=" 0x05D3" width="8"></register>
<register acronym="UCA0IE" description="USCI A0 Interrupt Enable Register" id="UCA0IE" offset=" 0x05DA" width="16"></register>
<register acronym="UCA0IFG" description="USCI A0 Interrupt Flags Register" id="UCA0IFG" offset=" 0x05DC" width="16"></register>
<register acronym="UCA0IE__UART" description="USCI A0 Interrupt Enable Register" id="UCA0IE__UART" offset=" 0x05DA" width="16">
<bitfield begin="0" description="UART Receive Interrupt Enable" end="0" id="UCRXIE" range="" resetval="0" rwaccess="RW" width="1"></bitfield>
<bitfield begin="1" description="UART Transmit Interrupt Enable" end="1" id="UCTXIE" range="" resetval="0" rwaccess="RW" width="1"></bitfield>
<bitfield begin="2" description="UART Start Bit Interrupt Enalble" end="2" id="UCSTTIE" range="" resetval="0" rwaccess="RW" width="1"></bitfield>
<bitfield begin="3" description="UART Transmit Complete Interrupt Enable" end="3" id="UCTXCPTIE" range="" resetval="0" rwaccess="RW" width="1"></bitfield></register>
<register acronym="UCA0IFG__UART" description="USCI A0 Interrupt Flags Register" id="UCA0IFG__UART" offset=" 0x05DC" width="16">
<bitfield begin="0" description="UART Receive Interrupt Flag" end="0" id="UCRXIFG" range="" resetval="0" rwaccess="RW" width="1"></bitfield>
<bitfield begin="1" description="UART Transmit Interrupt Flag" end="1" id="UCTXIFG" range="" resetval="0" rwaccess="RW" width="1"></bitfield>
<bitfield begin="2" description="UART Start Bit Interrupt Flag" end="2" id="UCSTTIFG" range="" resetval="0" rwaccess="RW" width="1"></bitfield>
<bitfield begin="3" description="UART Transmit Complete Interrupt Flag" end="3" id="UCTXCPTIFG" range="" resetval="0" rwaccess="RW" width="1"></bitfield></register>
<register acronym="UCA0IV" description="USCI A0 Interrupt Vector Register" id="UCA0IV" offset=" 0x05DE" width="16"></register>
</module>